trip_id,train_id,service_date,departure_time,arrival_time,origin,destination,distance_km,mileage_before_km,mileage_after_km
TRIP-000001,EVS360-021,2032-01-05,2032-01-05T06:00,2032-01-05T08:10,Saint Petersburg,Moscow,679,2371807,2372486
TRIP-000002,EVS360-001,2032-01-05,2032-01-05T06:00,2032-01-05T08:10,Moscow,Saint Petersburg,679,3544529,3545208
TRIP-000003,EVS360-022,2032-01-05,2032-01-05T06:15,2032-01-05T08:35,Saint Petersburg,Moscow,679,2250562,2251241
TRIP-000004,EVS360-002,2032-01-05,2032-01-05T06:15,2032-01-05T08:35,Moscow,Saint Petersburg,679,3560029,3560708
TRIP-000005,EVS360-003,2032-01-05,2032-01-05T06:30,2032-01-05T08:50,Moscow,Saint Petersburg,679,3377520,3378199
TRIP-000006,EVS360-023,2032-01-05,2032-01-05T06:30,2032-01-05T08:50,Saint Petersburg,Moscow,679,2225428,2226107
TRIP-000007,EVS360-004,2032-01-05,2032-01-05T07:00,2032-01-05T09:20,Moscow,Saint Petersburg,679,3256497,3257176
TRIP-000008,EVS360-024,2032-01-05,2032-01-05T07:00,2032-01-05T09:20,Saint Petersburg,Moscow,679,1981775,1982454
TRIP-000009,EVS360-025,2032-01-05,2032-01-05T07:15,2032-01-05T09:35,Saint Petersburg,Moscow,679,1831409,1832088
TRIP-000010,EVS360-026,2032-01-05,2032-01-05T07:30,2032-01-05T09:50,Saint Petersburg,Moscow,679,1975576,1976255
TRIP-000011,EVS360-005,2032-01-05,2032-01-05T07:30,2032-01-05T09:50,Moscow,Saint Petersburg,679,3115021,3115700
TRIP-000012,EVS360-006,2032-01-05,2032-01-05T08:00,2032-01-05T10:10,Moscow,Saint Petersburg,679,3473825,3474504
TRIP-000013,EVS360-027,2032-01-05,2032-01-05T08:00,2032-01-05T10:10,Saint Petersburg,Moscow,679,1896822,1897501
TRIP-000014,EVS360-028,2032-01-05,2032-01-05T08:30,2032-01-05T10:50,Saint Petersburg,Moscow,679,1717053,1717732
TRIP-000015,EVS360-007,2032-01-05,2032-01-05T08:30,2032-01-05T10:50,Moscow,Saint Petersburg,679,3295943,3296622
TRIP-000016,EVS360-029,2032-01-05,2032-01-05T09:00,2032-01-05T11:20,Saint Petersburg,Moscow,679,1555142,1555821
TRIP-000017,EVS360-008,2032-01-05,2032-01-05T09:00,2032-01-05T11:20,Moscow,Saint Petersburg,679,3369768,3370447
TRIP-000018,EVS360-009,2032-01-05,2032-01-05T09:30,2032-01-05T11:50,Moscow,Saint Petersburg,679,3097238,3097917
TRIP-000019,EVS360-030,2032-01-05,2032-01-05T09:30,2032-01-05T11:50,Saint Petersburg,Moscow,679,1509969,1510648
TRIP-000020,EVS360-031,2032-01-05,2032-01-05T10:00,2032-01-05T12:10,Saint Petersburg,Moscow,679,1545596,1546275
TRIP-000021,EVS360-010,2032-01-05,2032-01-05T10:00,2032-01-05T12:10,Moscow,Saint Petersburg,679,3218352,3219031
TRIP-000022,EVS360-032,2032-01-05,2032-01-05T10:15,2032-01-05T12:35,Saint Petersburg,Moscow,679,1388554,1389233
TRIP-000023,EVS360-011,2032-01-05,2032-01-05T10:15,2032-01-05T12:35,Moscow,Saint Petersburg,679,2899206,2899885
TRIP-000024,EVS360-012,2032-01-05,2032-01-05T10:30,2032-01-05T12:50,Moscow,Saint Petersburg,679,3076467,3077146
TRIP-000025,EVS360-033,2032-01-05,2032-01-05T10:30,2032-01-05T12:50,Saint Petersburg,Moscow,679,1461037,1461716
TRIP-000026,EVS360-034,2032-01-05,2032-01-05T11:00,2032-01-05T13:20,Saint Petersburg,Moscow,679,1304470,1305149
TRIP-000027,EVS360-013,2032-01-05,2032-01-05T11:00,2032-01-05T13:20,Moscow,Saint Petersburg,679,2963422,2964101
TRIP-000028,EVS360-035,2032-01-05,2032-01-05T11:30,2032-01-05T13:50,Saint Petersburg,Moscow,679,1151952,1152631
TRIP-000029,EVS360-014,2032-01-05,2032-01-05T11:30,2032-01-05T13:50,Moscow,Saint Petersburg,679,2746084,2746763
TRIP-000030,EVS360-036,2032-01-05,2032-01-05T12:00,2032-01-05T14:10,Saint Petersburg,Moscow,679,1164179,1164858
TRIP-000031,EVS360-015,2032-01-05,2032-01-05T12:00,2032-01-05T14:10,Moscow,Saint Petersburg,679,2724605,2725284
TRIP-000032,EVS360-016,2032-01-05,2032-01-05T12:30,2032-01-05T14:50,Moscow,Saint Petersburg,679,2708277,2708956
TRIP-000033,EVS360-037,2032-01-05,2032-01-05T12:30,2032-01-05T14:50,Saint Petersburg,Moscow,679,1035879,1036558
TRIP-000034,EVS360-017,2032-01-05,2032-01-05T13:00,2032-01-05T15:20,Moscow,Saint Petersburg,679,2436746,2437425
TRIP-000035,EVS360-038,2032-01-05,2032-01-05T13:00,2032-01-05T15:20,Saint Petersburg,Moscow,679,1053869,1054548
TRIP-000036,EVS360-018,2032-01-05,2032-01-05T13:30,2032-01-05T15:50,Moscow,Saint Petersburg,679,2507570,2508249
TRIP-000037,EVS360-039,2032-01-05,2032-01-05T14:00,2032-01-05T16:10,Saint Petersburg,Moscow,679,968815,969494
TRIP-000038,EVS360-019,2032-01-05,2032-01-05T14:00,2032-01-05T16:10,Moscow,Saint Petersburg,679,2530089,2530768
TRIP-000039,EVS360-001,2032-01-05,2032-01-05T14:30,2032-01-05T16:50,Saint Petersburg,Moscow,679,3545208,3545887
TRIP-000040,EVS360-020,2032-01-05,2032-01-05T14:30,2032-01-05T16:50,Moscow,Saint Petersburg,679,2248298,2248977
TRIP-000041,EVS360-002,2032-01-05,2032-01-05T15:00,2032-01-05T17:20,Saint Petersburg,Moscow,679,3560708,3561387
TRIP-000042,EVS360-021,2032-01-05,2032-01-05T15:00,2032-01-05T17:20,Moscow,Saint Petersburg,679,2372486,2373165
TRIP-000043,EVS360-003,2032-01-05,2032-01-05T16:00,2032-01-05T18:10,Saint Petersburg,Moscow,679,3378199,3378878
TRIP-000044,EVS360-022,2032-01-05,2032-01-05T16:00,2032-01-05T18:10,Moscow,Saint Petersburg,679,2251241,2251920
TRIP-000045,EVS360-023,2032-01-05,2032-01-05T16:30,2032-01-05T18:50,Moscow,Saint Petersburg,679,2226107,2226786
TRIP-000046,EVS360-004,2032-01-05,2032-01-05T16:30,2032-01-05T18:50,Saint Petersburg,Moscow,679,3257176,3257855
TRIP-000047,EVS360-005,2032-01-05,2032-01-05T17:00,2032-01-05T19:20,Saint Petersburg,Moscow,679,3115700,3116379
TRIP-000048,EVS360-024,2032-01-05,2032-01-05T17:30,2032-01-05T19:50,Moscow,Saint Petersburg,679,1982454,1983133
TRIP-000049,EVS360-006,2032-01-05,2032-01-05T17:30,2032-01-05T19:50,Saint Petersburg,Moscow,679,3474504,3475183
TRIP-000050,EVS360-025,2032-01-05,2032-01-05T18:00,2032-01-05T20:10,Moscow,Saint Petersburg,679,1832088,1832767
TRIP-000051,EVS360-007,2032-01-05,2032-01-05T18:00,2032-01-05T20:10,Saint Petersburg,Moscow,679,3296622,3297301
TRIP-000052,EVS360-026,2032-01-05,2032-01-05T18:15,2032-01-05T20:35,Moscow,Saint Petersburg,679,1976255,1976934
TRIP-000053,EVS360-008,2032-01-05,2032-01-05T18:15,2032-01-05T20:35,Saint Petersburg,Moscow,679,3370447,3371126
TRIP-000054,EVS360-009,2032-01-05,2032-01-05T18:30,2032-01-05T20:50,Saint Petersburg,Moscow,679,3097917,3098596
TRIP-000055,EVS360-027,2032-01-05,2032-01-05T18:30,2032-01-05T20:50,Moscow,Saint Petersburg,679,1897501,1898180
TRIP-000056,EVS360-010,2032-01-05,2032-01-05T19:00,2032-01-05T21:20,Saint Petersburg,Moscow,679,3219031,3219710
TRIP-000057,EVS360-028,2032-01-05,2032-01-05T19:00,2032-01-05T21:20,Moscow,Saint Petersburg,679,1717732,1718411
TRIP-000058,EVS360-011,2032-01-05,2032-01-05T19:30,2032-01-05T21:50,Saint Petersburg,Moscow,679,2899885,2900564
TRIP-000059,EVS360-029,2032-01-05,2032-01-05T19:30,2032-01-05T21:50,Moscow,Saint Petersburg,679,1555821,1556500
TRIP-000060,EVS360-012,2032-01-05,2032-01-05T20:00,2032-01-05T22:10,Saint Petersburg,Moscow,679,3077146,3077825
TRIP-000061,EVS360-030,2032-01-05,2032-01-05T20:00,2032-01-05T22:10,Moscow,Saint Petersburg,679,1510648,1511327
TRIP-000062,EVS360-031,2032-01-05,2032-01-05T20:15,2032-01-05T22:35,Moscow,Saint Petersburg,679,1546275,1546954
TRIP-000063,EVS360-032,2032-01-05,2032-01-05T20:30,2032-01-05T22:50,Moscow,Saint Petersburg,679,1389233,1389912
TRIP-000064,EVS360-013,2032-01-05,2032-01-05T20:30,2032-01-05T22:50,Saint Petersburg,Moscow,679,2964101,2964780
TRIP-000065,EVS360-033,2032-01-05,2032-01-05T21:00,2032-01-05T23:20,Moscow,Saint Petersburg,679,1461716,1462395
TRIP-000066,EVS360-014,2032-01-05,2032-01-05T21:00,2032-01-05T23:20,Saint Petersburg,Moscow,679,2746763,2747442
TRIP-000067,EVS360-034,2032-01-05,2032-01-05T21:30,2032-01-05T23:50,Moscow,Saint Petersburg,679,1305149,1305828
TRIP-000068,EVS360-015,2032-01-05,2032-01-05T21:30,2032-01-05T23:50,Saint Petersburg,Moscow,679,2725284,2725963
TRIP-000069,EVS360-035,2032-01-05,2032-01-05T22:00,2032-01-06T00:10,Moscow,Saint Petersburg,679,1152631,1153310
TRIP-000070,EVS360-016,2032-01-05,2032-01-05T22:00,2032-01-06T00:10,Saint Petersburg,Moscow,679,2708956,2709635
TRIP-000071,EVS360-017,2032-01-06,2032-01-06T06:00,2032-01-06T08:10,Saint Petersburg,Moscow,679,2437425,2438104
TRIP-000072,EVS360-036,2032-01-06,2032-01-06T06:00,2032-01-06T08:10,Moscow,Saint Petersburg,679,1164858,1165537
TRIP-000073,EVS360-018,2032-01-06,2032-01-06T06:15,2032-01-06T08:35,Saint Petersburg,Moscow,679,2508249,2508928
TRIP-000074,EVS360-037,2032-01-06,2032-01-06T06:15,2032-01-06T08:35,Moscow,Saint Petersburg,679,1036558,1037237
TRIP-000075,EVS360-038,2032-01-06,2032-01-06T06:30,2032-01-06T08:50,Moscow,Saint Petersburg,679,1054548,1055227
TRIP-000076,EVS360-019,2032-01-06,2032-01-06T06:30,2032-01-06T08:50,Saint Petersburg,Moscow,679,2530768,2531447
TRIP-000077,EVS360-039,2032-01-06,2032-01-06T07:00,2032-01-06T09:20,Moscow,Saint Petersburg,679,969494,970173
TRIP-000078,EVS360-020,2032-01-06,2032-01-06T07:00,2032-01-06T09:20,Saint Petersburg,Moscow,679,2248977,2249656
TRIP-000079,EVS360-021,2032-01-06,2032-01-06T07:15,2032-01-06T09:35,Saint Petersburg,Moscow,679,2373165,2373844
TRIP-000080,EVS360-022,2032-01-06,2032-01-06T07:30,2032-01-06T09:50,Saint Petersburg,Moscow,679,2251920,2252599
TRIP-000081,EVS360-001,2032-01-06,2032-01-06T07:30,2032-01-06T09:50,Moscow,Saint Petersburg,679,3545887,3546566
TRIP-000082,EVS360-002,2032-01-06,2032-01-06T08:00,2032-01-06T10:10,Moscow,Saint Petersburg,679,3561387,3562066
TRIP-000083,EVS360-023,2032-01-06,2032-01-06T08:00,2032-01-06T10:10,Saint Petersburg,Moscow,679,2226786,2227465
TRIP-000084,EVS360-024,2032-01-06,2032-01-06T08:30,2032-01-06T10:50,Saint Petersburg,Moscow,679,1983133,1983812
TRIP-000085,EVS360-003,2032-01-06,2032-01-06T08:30,2032-01-06T10:50,Moscow,Saint Petersburg,679,3378878,3379557
TRIP-000086,EVS360-025,2032-01-06,2032-01-06T09:00,2032-01-06T11:20,Saint Petersburg,Moscow,679,1832767,1833446
TRIP-000087,EVS360-004,2032-01-06,2032-01-06T09:00,2032-01-06T11:20,Moscow,Saint Petersburg,679,3257855,3258534
TRIP-000088,EVS360-005,2032-01-06,2032-01-06T09:30,2032-01-06T11:50,Moscow,Saint Petersburg,679,3116379,3117058
TRIP-000089,EVS360-026,2032-01-06,2032-01-06T09:30,2032-01-06T11:50,Saint Petersburg,Moscow,679,1976934,1977613
TRIP-000090,EVS360-027,2032-01-06,2032-01-06T10:00,2032-01-06T12:10,Saint Petersburg,Moscow,679,1898180,1898859
TRIP-000091,EVS360-006,2032-01-06,2032-01-06T10:00,2032-01-06T12:10,Moscow,Saint Petersburg,679,3475183,3475862
TRIP-000092,EVS360-028,2032-01-06,2032-01-06T10:15,2032-01-06T12:35,Saint Petersburg,Moscow,679,1718411,1719090
TRIP-000093,EVS360-007,2032-01-06,2032-01-06T10:15,2032-01-06T12:35,Moscow,Saint Petersburg,679,3297301,3297980
TRIP-000094,EVS360-008,2032-01-06,2032-01-06T10:30,2032-01-06T12:50,Moscow,Saint Petersburg,679,3371126,3371805
TRIP-000095,EVS360-029,2032-01-06,2032-01-06T10:30,2032-01-06T12:50,Saint Petersburg,Moscow,679,1556500,1557179
TRIP-000096,EVS360-030,2032-01-06,2032-01-06T11:00,2032-01-06T13:20,Saint Petersburg,Moscow,679,1511327,1512006
TRIP-000097,EVS360-009,2032-01-06,2032-01-06T11:00,2032-01-06T13:20,Moscow,Saint Petersburg,679,3098596,3099275
TRIP-000098,EVS360-031,2032-01-06,2032-01-06T11:30,2032-01-06T13:50,Saint Petersburg,Moscow,679,1546954,1547633
TRIP-000099,EVS360-010,2032-01-06,2032-01-06T11:30,2032-01-06T13:50,Moscow,Saint Petersburg,679,3219710,3220389
TRIP-000100,EVS360-032,2032-01-06,2032-01-06T12:00,2032-01-06T14:10,Saint Petersburg,Moscow,679,1389912,1390591
TRIP-000101,EVS360-011,2032-01-06,2032-01-06T12:00,2032-01-06T14:10,Moscow,Saint Petersburg,679,2900564,2901243
TRIP-000102,EVS360-012,2032-01-06,2032-01-06T12:30,2032-01-06T14:50,Moscow,Saint Petersburg,679,3077825,3078504
TRIP-000103,EVS360-033,2032-01-06,2032-01-06T12:30,2032-01-06T14:50,Saint Petersburg,Moscow,679,1462395,1463074
TRIP-000104,EVS360-013,2032-01-06,2032-01-06T13:00,2032-01-06T15:20,Moscow,Saint Petersburg,679,2964780,2965459
TRIP-000105,EVS360-034,2032-01-06,2032-01-06T13:00,2032-01-06T15:20,Saint Petersburg,Moscow,679,1305828,1306507
TRIP-000106,EVS360-014,2032-01-06,2032-01-06T13:30,2032-01-06T15:50,Moscow,Saint Petersburg,679,2747442,2748121
TRIP-000107,EVS360-035,2032-01-06,2032-01-06T14:00,2032-01-06T16:10,Saint Petersburg,Moscow,679,1153310,1153989
TRIP-000108,EVS360-015,2032-01-06,2032-01-06T14:00,2032-01-06T16:10,Moscow,Saint Petersburg,679,2725963,2726642
TRIP-000109,EVS360-036,2032-01-06,2032-01-06T14:30,2032-01-06T16:50,Saint Petersburg,Moscow,679,1165537,1166216
TRIP-000110,EVS360-016,2032-01-06,2032-01-06T14:30,2032-01-06T16:50,Moscow,Saint Petersburg,679,2709635,2710314
TRIP-000111,EVS360-037,2032-01-06,2032-01-06T15:00,2032-01-06T17:20,Saint Petersburg,Moscow,679,1037237,1037916
TRIP-000112,EVS360-017,2032-01-06,2032-01-06T15:00,2032-01-06T17:20,Moscow,Saint Petersburg,679,2438104,2438783
TRIP-000113,EVS360-038,2032-01-06,2032-01-06T16:00,2032-01-06T18:10,Saint Petersburg,Moscow,679,1055227,1055906
TRIP-000114,EVS360-018,2032-01-06,2032-01-06T16:00,2032-01-06T18:10,Moscow,Saint Petersburg,679,2508928,2509607
TRIP-000115,EVS360-019,2032-01-06,2032-01-06T16:30,2032-01-06T18:50,Moscow,Saint Petersburg,679,2531447,2532126
TRIP-000116,EVS360-039,2032-01-06,2032-01-06T16:30,2032-01-06T18:50,Saint Petersburg,Moscow,679,970173,970852
TRIP-000117,EVS360-001,2032-01-06,2032-01-06T17:00,2032-01-06T19:20,Saint Petersburg,Moscow,679,3546566,3547245
TRIP-000118,EVS360-020,2032-01-06,2032-01-06T17:30,2032-01-06T19:50,Moscow,Saint Petersburg,679,2249656,2250335
TRIP-000119,EVS360-002,2032-01-06,2032-01-06T17:30,2032-01-06T19:50,Saint Petersburg,Moscow,679,3562066,3562745
TRIP-000120,EVS360-021,2032-01-06,2032-01-06T18:00,2032-01-06T20:10,Moscow,Saint Petersburg,679,2373844,2374523
TRIP-000121,EVS360-003,2032-01-06,2032-01-06T18:00,2032-01-06T20:10,Saint Petersburg,Moscow,679,3379557,3380236
TRIP-000122,EVS360-022,2032-01-06,2032-01-06T18:15,2032-01-06T20:35,Moscow,Saint Petersburg,679,2252599,2253278
TRIP-000123,EVS360-004,2032-01-06,2032-01-06T18:15,2032-01-06T20:35,Saint Petersburg,Moscow,679,3258534,3259213
TRIP-000124,EVS360-005,2032-01-06,2032-01-06T18:30,2032-01-06T20:50,Saint Petersburg,Moscow,679,3117058,3117737
TRIP-000125,EVS360-023,2032-01-06,2032-01-06T18:30,2032-01-06T20:50,Moscow,Saint Petersburg,679,2227465,2228144
TRIP-000126,EVS360-006,2032-01-06,2032-01-06T19:00,2032-01-06T21:20,Saint Petersburg,Moscow,679,3475862,3476541
TRIP-000127,EVS360-024,2032-01-06,2032-01-06T19:00,2032-01-06T21:20,Moscow,Saint Petersburg,679,1983812,1984491
TRIP-000128,EVS360-007,2032-01-06,2032-01-06T19:30,2032-01-06T21:50,Saint Petersburg,Moscow,679,3297980,3298659
TRIP-000129,EVS360-025,2032-01-06,2032-01-06T19:30,2032-01-06T21:50,Moscow,Saint Petersburg,679,1833446,1834125
TRIP-000130,EVS360-008,2032-01-06,2032-01-06T20:00,2032-01-06T22:10,Saint Petersburg,Moscow,679,3371805,3372484
TRIP-000131,EVS360-026,2032-01-06,2032-01-06T20:00,2032-01-06T22:10,Moscow,Saint Petersburg,679,1977613,1978292
TRIP-000132,EVS360-027,2032-01-06,2032-01-06T20:15,2032-01-06T22:35,Moscow,Saint Petersburg,679,1898859,1899538
TRIP-000133,EVS360-028,2032-01-06,2032-01-06T20:30,2032-01-06T22:50,Moscow,Saint Petersburg,679,1719090,1719769
TRIP-000134,EVS360-009,2032-01-06,2032-01-06T20:30,2032-01-06T22:50,Saint Petersburg,Moscow,679,3099275,3099954
TRIP-000135,EVS360-029,2032-01-06,2032-01-06T21:00,2032-01-06T23:20,Moscow,Saint Petersburg,679,1557179,1557858
TRIP-000136,EVS360-010,2032-01-06,2032-01-06T21:00,2032-01-06T23:20,Saint Petersburg,Moscow,679,3220389,3221068
TRIP-000137,EVS360-030,2032-01-06,2032-01-06T21:30,2032-01-06T23:50,Moscow,Saint Petersburg,679,1512006,1512685
TRIP-000138,EVS360-011,2032-01-06,2032-01-06T21:30,2032-01-06T23:50,Saint Petersburg,Moscow,679,2901243,2901922
TRIP-000139,EVS360-031,2032-01-06,2032-01-06T22:00,2032-01-07T00:10,Moscow,Saint Petersburg,679,1547633,1548312
TRIP-000140,EVS360-012,2032-01-06,2032-01-06T22:00,2032-01-07T00:10,Saint Petersburg,Moscow,679,3078504,3079183
TRIP-000141,EVS360-013,2032-01-07,2032-01-07T06:00,2032-01-07T08:10,Saint Petersburg,Moscow,679,2965459,2966138
TRIP-000142,EVS360-032,2032-01-07,2032-01-07T06:00,2032-01-07T08:10,Moscow,Saint Petersburg,679,1390591,1391270
TRIP-000143,EVS360-014,2032-01-07,2032-01-07T06:15,2032-01-07T08:35,Saint Petersburg,Moscow,679,2748121,2748800
TRIP-000144,EVS360-033,2032-01-07,2032-01-07T06:15,2032-01-07T08:35,Moscow,Saint Petersburg,679,1463074,1463753
TRIP-000145,EVS360-034,2032-01-07,2032-01-07T06:30,2032-01-07T08:50,Moscow,Saint Petersburg,679,1306507,1307186
TRIP-000146,EVS360-015,2032-01-07,2032-01-07T06:30,2032-01-07T08:50,Saint Petersburg,Moscow,679,2726642,2727321
TRIP-000147,EVS360-035,2032-01-07,2032-01-07T07:00,2032-01-07T09:20,Moscow,Saint Petersburg,679,1153989,1154668
TRIP-000148,EVS360-016,2032-01-07,2032-01-07T07:00,2032-01-07T09:20,Saint Petersburg,Moscow,679,2710314,2710993
TRIP-000149,EVS360-017,2032-01-07,2032-01-07T07:15,2032-01-07T09:35,Saint Petersburg,Moscow,679,2438783,2439462
TRIP-000150,EVS360-018,2032-01-07,2032-01-07T07:30,2032-01-07T09:50,Saint Petersburg,Moscow,679,2509607,2510286
TRIP-000151,EVS360-036,2032-01-07,2032-01-07T07:30,2032-01-07T09:50,Moscow,Saint Petersburg,679,1166216,1166895
TRIP-000152,EVS360-037,2032-01-07,2032-01-07T08:00,2032-01-07T10:10,Moscow,Saint Petersburg,679,1037916,1038595
TRIP-000153,EVS360-019,2032-01-07,2032-01-07T08:00,2032-01-07T10:10,Saint Petersburg,Moscow,679,2532126,2532805
TRIP-000154,EVS360-020,2032-01-07,2032-01-07T08:30,2032-01-07T10:50,Saint Petersburg,Moscow,679,2250335,2251014
TRIP-000155,EVS360-038,2032-01-07,2032-01-07T08:30,2032-01-07T10:50,Moscow,Saint Petersburg,679,1055906,1056585
TRIP-000156,EVS360-021,2032-01-07,2032-01-07T09:00,2032-01-07T11:20,Saint Petersburg,Moscow,679,2374523,2375202
TRIP-000157,EVS360-039,2032-01-07,2032-01-07T09:00,2032-01-07T11:20,Moscow,Saint Petersburg,679,970852,971531
TRIP-000158,EVS360-001,2032-01-07,2032-01-07T09:30,2032-01-07T11:50,Moscow,Saint Petersburg,679,3547245,3547924
TRIP-000159,EVS360-022,2032-01-07,2032-01-07T09:30,2032-01-07T11:50,Saint Petersburg,Moscow,679,2253278,2253957
TRIP-000160,EVS360-023,2032-01-07,2032-01-07T10:00,2032-01-07T12:10,Saint Petersburg,Moscow,679,2228144,2228823
TRIP-000161,EVS360-002,2032-01-07,2032-01-07T10:00,2032-01-07T12:10,Moscow,Saint Petersburg,679,3562745,3563424
TRIP-000162,EVS360-024,2032-01-07,2032-01-07T10:15,2032-01-07T12:35,Saint Petersburg,Moscow,679,1984491,1985170
TRIP-000163,EVS360-003,2032-01-07,2032-01-07T10:15,2032-01-07T12:35,Moscow,Saint Petersburg,679,3380236,3380915
TRIP-000164,EVS360-004,2032-01-07,2032-01-07T10:30,2032-01-07T12:50,Moscow,Saint Petersburg,679,3259213,3259892
TRIP-000165,EVS360-025,2032-01-07,2032-01-07T10:30,2032-01-07T12:50,Saint Petersburg,Moscow,679,1834125,1834804
TRIP-000166,EVS360-026,2032-01-07,2032-01-07T11:00,2032-01-07T13:20,Saint Petersburg,Moscow,679,1978292,1978971
TRIP-000167,EVS360-005,2032-01-07,2032-01-07T11:00,2032-01-07T13:20,Moscow,Saint Petersburg,679,3117737,3118416
TRIP-000168,EVS360-027,2032-01-07,2032-01-07T11:30,2032-01-07T13:50,Saint Petersburg,Moscow,679,1899538,1900217
TRIP-000169,EVS360-006,2032-01-07,2032-01-07T11:30,2032-01-07T13:50,Moscow,Saint Petersburg,679,3476541,3477220
TRIP-000170,EVS360-028,2032-01-07,2032-01-07T12:00,2032-01-07T14:10,Saint Petersburg,Moscow,679,1719769,1720448
TRIP-000171,EVS360-007,2032-01-07,2032-01-07T12:00,2032-01-07T14:10,Moscow,Saint Petersburg,679,3298659,3299338
TRIP-000172,EVS360-008,2032-01-07,2032-01-07T12:30,2032-01-07T14:50,Moscow,Saint Petersburg,679,3372484,3373163
TRIP-000173,EVS360-029,2032-01-07,2032-01-07T12:30,2032-01-07T14:50,Saint Petersburg,Moscow,679,1557858,1558537
TRIP-000174,EVS360-009,2032-01-07,2032-01-07T13:00,2032-01-07T15:20,Moscow,Saint Petersburg,679,3099954,3100633
TRIP-000175,EVS360-030,2032-01-07,2032-01-07T13:00,2032-01-07T15:20,Saint Petersburg,Moscow,679,1512685,1513364
TRIP-000176,EVS360-010,2032-01-07,2032-01-07T13:30,2032-01-07T15:50,Moscow,Saint Petersburg,679,3221068,3221747
TRIP-000177,EVS360-031,2032-01-07,2032-01-07T14:00,2032-01-07T16:10,Saint Petersburg,Moscow,679,1548312,1548991
TRIP-000178,EVS360-011,2032-01-07,2032-01-07T14:00,2032-01-07T16:10,Moscow,Saint Petersburg,679,2901922,2902601
TRIP-000179,EVS360-032,2032-01-07,2032-01-07T14:30,2032-01-07T16:50,Saint Petersburg,Moscow,679,1391270,1391949
TRIP-000180,EVS360-012,2032-01-07,2032-01-07T14:30,2032-01-07T16:50,Moscow,Saint Petersburg,679,3079183,3079862
TRIP-000181,EVS360-033,2032-01-07,2032-01-07T15:00,2032-01-07T17:20,Saint Petersburg,Moscow,679,1463753,1464432
TRIP-000182,EVS360-013,2032-01-07,2032-01-07T15:00,2032-01-07T17:20,Moscow,Saint Petersburg,679,2966138,2966817
TRIP-000183,EVS360-034,2032-01-07,2032-01-07T16:00,2032-01-07T18:10,Saint Petersburg,Moscow,679,1307186,1307865
TRIP-000184,EVS360-014,2032-01-07,2032-01-07T16:00,2032-01-07T18:10,Moscow,Saint Petersburg,679,2748800,2749479
TRIP-000185,EVS360-015,2032-01-07,2032-01-07T16:30,2032-01-07T18:50,Moscow,Saint Petersburg,679,2727321,2728000
TRIP-000186,EVS360-035,2032-01-07,2032-01-07T16:30,2032-01-07T18:50,Saint Petersburg,Moscow,679,1154668,1155347
TRIP-000187,EVS360-036,2032-01-07,2032-01-07T17:00,2032-01-07T19:20,Saint Petersburg,Moscow,679,1166895,1167574
TRIP-000188,EVS360-016,2032-01-07,2032-01-07T17:30,2032-01-07T19:50,Moscow,Saint Petersburg,679,2710993,2711672
TRIP-000189,EVS360-037,2032-01-07,2032-01-07T17:30,2032-01-07T19:50,Saint Petersburg,Moscow,679,1038595,1039274
TRIP-000190,EVS360-017,2032-01-07,2032-01-07T18:00,2032-01-07T20:10,Moscow,Saint Petersburg,679,2439462,2440141
TRIP-000191,EVS360-038,2032-01-07,2032-01-07T18:00,2032-01-07T20:10,Saint Petersburg,Moscow,679,1056585,1057264
TRIP-000192,EVS360-018,2032-01-07,2032-01-07T18:15,2032-01-07T20:35,Moscow,Saint Petersburg,679,2510286,2510965
TRIP-000193,EVS360-039,2032-01-07,2032-01-07T18:15,2032-01-07T20:35,Saint Petersburg,Moscow,679,971531,972210
TRIP-000194,EVS360-001,2032-01-07,2032-01-07T18:30,2032-01-07T20:50,Saint Petersburg,Moscow,679,3547924,3548603
TRIP-000195,EVS360-019,2032-01-07,2032-01-07T18:30,2032-01-07T20:50,Moscow,Saint Petersburg,679,2532805,2533484
TRIP-000196,EVS360-002,2032-01-07,2032-01-07T19:00,2032-01-07T21:20,Saint Petersburg,Moscow,679,3563424,3564103
TRIP-000197,EVS360-020,2032-01-07,2032-01-07T19:00,2032-01-07T21:20,Moscow,Saint Petersburg,679,2251014,2251693
TRIP-000198,EVS360-003,2032-01-07,2032-01-07T19:30,2032-01-07T21:50,Saint Petersburg,Moscow,679,3380915,3381594
TRIP-000199,EVS360-021,2032-01-07,2032-01-07T19:30,2032-01-07T21:50,Moscow,Saint Petersburg,679,2375202,2375881
TRIP-000200,EVS360-004,2032-01-07,2032-01-07T20:00,2032-01-07T22:10,Saint Petersburg,Moscow,679,3259892,3260571
TRIP-000201,EVS360-022,2032-01-07,2032-01-07T20:00,2032-01-07T22:10,Moscow,Saint Petersburg,679,2253957,2254636
TRIP-000202,EVS360-023,2032-01-07,2032-01-07T20:15,2032-01-07T22:35,Moscow,Saint Petersburg,679,2228823,2229502
TRIP-000203,EVS360-024,2032-01-07,2032-01-07T20:30,2032-01-07T22:50,Moscow,Saint Petersburg,679,1985170,1985849
TRIP-000204,EVS360-005,2032-01-07,2032-01-07T20:30,2032-01-07T22:50,Saint Petersburg,Moscow,679,3118416,3119095
TRIP-000205,EVS360-025,2032-01-07,2032-01-07T21:00,2032-01-07T23:20,Moscow,Saint Petersburg,679,1834804,1835483
TRIP-000206,EVS360-006,2032-01-07,2032-01-07T21:00,2032-01-07T23:20,Saint Petersburg,Moscow,679,3477220,3477899
TRIP-000207,EVS360-026,2032-01-07,2032-01-07T21:30,2032-01-07T23:50,Moscow,Saint Petersburg,679,1978971,1979650
TRIP-000208,EVS360-007,2032-01-07,2032-01-07T21:30,2032-01-07T23:50,Saint Petersburg,Moscow,679,3299338,3300017
TRIP-000209,EVS360-027,2032-01-07,2032-01-07T22:00,2032-01-08T00:10,Moscow,Saint Petersburg,679,1900217,1900896
TRIP-000210,EVS360-008,2032-01-07,2032-01-07T22:00,2032-01-08T00:10,Saint Petersburg,Moscow,679,3373163,3373842
TRIP-000211,EVS360-009,2032-01-08,2032-01-08T06:00,2032-01-08T08:10,Saint Petersburg,Moscow,679,3100633,3101312
TRIP-000212,EVS360-028,2032-01-08,2032-01-08T06:00,2032-01-08T08:10,Moscow,Saint Petersburg,679,1720448,1721127
TRIP-000213,EVS360-010,2032-01-08,2032-01-08T06:15,2032-01-08T08:35,Saint Petersburg,Moscow,679,3221747,3222426
TRIP-000214,EVS360-029,2032-01-08,2032-01-08T06:15,2032-01-08T08:35,Moscow,Saint Petersburg,679,1558537,1559216
TRIP-000215,EVS360-030,2032-01-08,2032-01-08T06:30,2032-01-08T08:50,Moscow,Saint Petersburg,679,1513364,1514043
TRIP-000216,EVS360-011,2032-01-08,2032-01-08T06:30,2032-01-08T08:50,Saint Petersburg,Moscow,679,2902601,2903280
TRIP-000217,EVS360-031,2032-01-08,2032-01-08T07:00,2032-01-08T09:20,Moscow,Saint Petersburg,679,1548991,1549670
TRIP-000218,EVS360-012,2032-01-08,2032-01-08T07:00,2032-01-08T09:20,Saint Petersburg,Moscow,679,3079862,3080541
TRIP-000219,EVS360-013,2032-01-08,2032-01-08T07:15,2032-01-08T09:35,Saint Petersburg,Moscow,679,2966817,2967496
TRIP-000220,EVS360-014,2032-01-08,2032-01-08T07:30,2032-01-08T09:50,Saint Petersburg,Moscow,679,2749479,2750158
TRIP-000221,EVS360-032,2032-01-08,2032-01-08T07:30,2032-01-08T09:50,Moscow,Saint Petersburg,679,1391949,1392628
TRIP-000222,EVS360-033,2032-01-08,2032-01-08T08:00,2032-01-08T10:10,Moscow,Saint Petersburg,679,1464432,1465111
TRIP-000223,EVS360-015,2032-01-08,2032-01-08T08:00,2032-01-08T10:10,Saint Petersburg,Moscow,679,2728000,2728679
TRIP-000224,EVS360-016,2032-01-08,2032-01-08T08:30,2032-01-08T10:50,Saint Petersburg,Moscow,679,2711672,2712351
TRIP-000225,EVS360-034,2032-01-08,2032-01-08T08:30,2032-01-08T10:50,Moscow,Saint Petersburg,679,1307865,1308544
TRIP-000226,EVS360-017,2032-01-08,2032-01-08T09:00,2032-01-08T11:20,Saint Petersburg,Moscow,679,2440141,2440820
TRIP-000227,EVS360-035,2032-01-08,2032-01-08T09:00,2032-01-08T11:20,Moscow,Saint Petersburg,679,1155347,1156026
TRIP-000228,EVS360-036,2032-01-08,2032-01-08T09:30,2032-01-08T11:50,Moscow,Saint Petersburg,679,1167574,1168253
TRIP-000229,EVS360-018,2032-01-08,2032-01-08T09:30,2032-01-08T11:50,Saint Petersburg,Moscow,679,2510965,2511644
TRIP-000230,EVS360-019,2032-01-08,2032-01-08T10:00,2032-01-08T12:10,Saint Petersburg,Moscow,679,2533484,2534163
TRIP-000231,EVS360-037,2032-01-08,2032-01-08T10:00,2032-01-08T12:10,Moscow,Saint Petersburg,679,1039274,1039953
TRIP-000232,EVS360-020,2032-01-08,2032-01-08T10:15,2032-01-08T12:35,Saint Petersburg,Moscow,679,2251693,2252372
TRIP-000233,EVS360-038,2032-01-08,2032-01-08T10:15,2032-01-08T12:35,Moscow,Saint Petersburg,679,1057264,1057943
TRIP-000234,EVS360-039,2032-01-08,2032-01-08T10:30,2032-01-08T12:50,Moscow,Saint Petersburg,679,972210,972889
TRIP-000235,EVS360-021,2032-01-08,2032-01-08T10:30,2032-01-08T12:50,Saint Petersburg,Moscow,679,2375881,2376560
TRIP-000236,EVS360-022,2032-01-08,2032-01-08T11:00,2032-01-08T13:20,Saint Petersburg,Moscow,679,2254636,2255315
TRIP-000237,EVS360-001,2032-01-08,2032-01-08T11:00,2032-01-08T13:20,Moscow,Saint Petersburg,679,3548603,3549282
TRIP-000238,EVS360-023,2032-01-08,2032-01-08T11:30,2032-01-08T13:50,Saint Petersburg,Moscow,679,2229502,2230181
TRIP-000239,EVS360-002,2032-01-08,2032-01-08T11:30,2032-01-08T13:50,Moscow,Saint Petersburg,679,3564103,3564782
TRIP-000240,EVS360-024,2032-01-08,2032-01-08T12:00,2032-01-08T14:10,Saint Petersburg,Moscow,679,1985849,1986528
TRIP-000241,EVS360-003,2032-01-08,2032-01-08T12:00,2032-01-08T14:10,Moscow,Saint Petersburg,679,3381594,3382273
TRIP-000242,EVS360-004,2032-01-08,2032-01-08T12:30,2032-01-08T14:50,Moscow,Saint Petersburg,679,3260571,3261250
TRIP-000243,EVS360-025,2032-01-08,2032-01-08T12:30,2032-01-08T14:50,Saint Petersburg,Moscow,679,1835483,1836162
TRIP-000244,EVS360-005,2032-01-08,2032-01-08T13:00,2032-01-08T15:20,Moscow,Saint Petersburg,679,3119095,3119774
TRIP-000245,EVS360-026,2032-01-08,2032-01-08T13:00,2032-01-08T15:20,Saint Petersburg,Moscow,679,1979650,1980329
TRIP-000246,EVS360-006,2032-01-08,2032-01-08T13:30,2032-01-08T15:50,Moscow,Saint Petersburg,679,3477899,3478578
TRIP-000247,EVS360-027,2032-01-08,2032-01-08T14:00,2032-01-08T16:10,Saint Petersburg,Moscow,679,1900896,1901575
TRIP-000248,EVS360-007,2032-01-08,2032-01-08T14:00,2032-01-08T16:10,Moscow,Saint Petersburg,679,3300017,3300696
TRIP-000249,EVS360-028,2032-01-08,2032-01-08T14:30,2032-01-08T16:50,Saint Petersburg,Moscow,679,1721127,1721806
TRIP-000250,EVS360-008,2032-01-08,2032-01-08T14:30,2032-01-08T16:50,Moscow,Saint Petersburg,679,3373842,3374521
TRIP-000251,EVS360-029,2032-01-08,2032-01-08T15:00,2032-01-08T17:20,Saint Petersburg,Moscow,679,1559216,1559895
TRIP-000252,EVS360-009,2032-01-08,2032-01-08T15:00,2032-01-08T17:20,Moscow,Saint Petersburg,679,3101312,3101991
TRIP-000253,EVS360-030,2032-01-08,2032-01-08T16:00,2032-01-08T18:10,Saint Petersburg,Moscow,679,1514043,1514722
TRIP-000254,EVS360-010,2032-01-08,2032-01-08T16:00,2032-01-08T18:10,Moscow,Saint Petersburg,679,3222426,3223105
TRIP-000255,EVS360-011,2032-01-08,2032-01-08T16:30,2032-01-08T18:50,Moscow,Saint Petersburg,679,2903280,2903959
TRIP-000256,EVS360-031,2032-01-08,2032-01-08T16:30,2032-01-08T18:50,Saint Petersburg,Moscow,679,1549670,1550349
TRIP-000257,EVS360-032,2032-01-08,2032-01-08T17:00,2032-01-08T19:20,Saint Petersburg,Moscow,679,1392628,1393307
TRIP-000258,EVS360-012,2032-01-08,2032-01-08T17:30,2032-01-08T19:50,Moscow,Saint Petersburg,679,3080541,3081220
TRIP-000259,EVS360-033,2032-01-08,2032-01-08T17:30,2032-01-08T19:50,Saint Petersburg,Moscow,679,1465111,1465790
TRIP-000260,EVS360-013,2032-01-08,2032-01-08T18:00,2032-01-08T20:10,Moscow,Saint Petersburg,679,2967496,2968175
TRIP-000261,EVS360-034,2032-01-08,2032-01-08T18:00,2032-01-08T20:10,Saint Petersburg,Moscow,679,1308544,1309223
TRIP-000262,EVS360-014,2032-01-08,2032-01-08T18:15,2032-01-08T20:35,Moscow,Saint Petersburg,679,2750158,2750837
TRIP-000263,EVS360-035,2032-01-08,2032-01-08T18:15,2032-01-08T20:35,Saint Petersburg,Moscow,679,1156026,1156705
TRIP-000264,EVS360-036,2032-01-08,2032-01-08T18:30,2032-01-08T20:50,Saint Petersburg,Moscow,679,1168253,1168932
TRIP-000265,EVS360-015,2032-01-08,2032-01-08T18:30,2032-01-08T20:50,Moscow,Saint Petersburg,679,2728679,2729358
TRIP-000266,EVS360-037,2032-01-08,2032-01-08T19:00,2032-01-08T21:20,Saint Petersburg,Moscow,679,1039953,1040632
TRIP-000267,EVS360-016,2032-01-08,2032-01-08T19:00,2032-01-08T21:20,Moscow,Saint Petersburg,679,2712351,2713030
TRIP-000268,EVS360-038,2032-01-08,2032-01-08T19:30,2032-01-08T21:50,Saint Petersburg,Moscow,679,1057943,1058622
TRIP-000269,EVS360-017,2032-01-08,2032-01-08T19:30,2032-01-08T21:50,Moscow,Saint Petersburg,679,2440820,2441499
TRIP-000270,EVS360-039,2032-01-08,2032-01-08T20:00,2032-01-08T22:10,Saint Petersburg,Moscow,679,972889,973568
TRIP-000271,EVS360-018,2032-01-08,2032-01-08T20:00,2032-01-08T22:10,Moscow,Saint Petersburg,679,2511644,2512323
TRIP-000272,EVS360-019,2032-01-08,2032-01-08T20:15,2032-01-08T22:35,Moscow,Saint Petersburg,679,2534163,2534842
TRIP-000273,EVS360-020,2032-01-08,2032-01-08T20:30,2032-01-08T22:50,Moscow,Saint Petersburg,679,2252372,2253051
TRIP-000274,EVS360-001,2032-01-08,2032-01-08T20:30,2032-01-08T22:50,Saint Petersburg,Moscow,679,3549282,3549961
TRIP-000275,EVS360-021,2032-01-08,2032-01-08T21:00,2032-01-08T23:20,Moscow,Saint Petersburg,679,2376560,2377239
TRIP-000276,EVS360-002,2032-01-08,2032-01-08T21:00,2032-01-08T23:20,Saint Petersburg,Moscow,679,3564782,3565461
TRIP-000277,EVS360-022,2032-01-08,2032-01-08T21:30,2032-01-08T23:50,Moscow,Saint Petersburg,679,2255315,2255994
TRIP-000278,EVS360-003,2032-01-08,2032-01-08T21:30,2032-01-08T23:50,Saint Petersburg,Moscow,679,3382273,3382952
TRIP-000279,EVS360-023,2032-01-08,2032-01-08T22:00,2032-01-09T00:10,Moscow,Saint Petersburg,679,2230181,2230860
TRIP-000280,EVS360-004,2032-01-08,2032-01-08T22:00,2032-01-09T00:10,Saint Petersburg,Moscow,679,3261250,3261929
TRIP-000281,EVS360-005,2032-01-09,2032-01-09T06:00,2032-01-09T08:10,Saint Petersburg,Moscow,679,3119774,3120453
TRIP-000282,EVS360-024,2032-01-09,2032-01-09T06:00,2032-01-09T08:10,Moscow,Saint Petersburg,679,1986528,1987207
TRIP-000283,EVS360-006,2032-01-09,2032-01-09T06:15,2032-01-09T08:35,Saint Petersburg,Moscow,679,3478578,3479257
TRIP-000284,EVS360-025,2032-01-09,2032-01-09T06:15,2032-01-09T08:35,Moscow,Saint Petersburg,679,1836162,1836841
TRIP-000285,EVS360-026,2032-01-09,2032-01-09T06:30,2032-01-09T08:50,Moscow,Saint Petersburg,679,1980329,1981008
TRIP-000286,EVS360-007,2032-01-09,2032-01-09T06:30,2032-01-09T08:50,Saint Petersburg,Moscow,679,3300696,3301375
TRIP-000287,EVS360-027,2032-01-09,2032-01-09T07:00,2032-01-09T09:20,Moscow,Saint Petersburg,679,1901575,1902254
TRIP-000288,EVS360-008,2032-01-09,2032-01-09T07:00,2032-01-09T09:20,Saint Petersburg,Moscow,679,3374521,3375200
TRIP-000289,EVS360-009,2032-01-09,2032-01-09T07:15,2032-01-09T09:35,Saint Petersburg,Moscow,679,3101991,3102670
TRIP-000290,EVS360-010,2032-01-09,2032-01-09T07:30,2032-01-09T09:50,Saint Petersburg,Moscow,679,3223105,3223784
TRIP-000291,EVS360-028,2032-01-09,2032-01-09T07:30,2032-01-09T09:50,Moscow,Saint Petersburg,679,1721806,1722485
TRIP-000292,EVS360-029,2032-01-09,2032-01-09T08:00,2032-01-09T10:10,Moscow,Saint Petersburg,679,1559895,1560574
TRIP-000293,EVS360-011,2032-01-09,2032-01-09T08:00,2032-01-09T10:10,Saint Petersburg,Moscow,679,2903959,2904638
TRIP-000294,EVS360-012,2032-01-09,2032-01-09T08:30,2032-01-09T10:50,Saint Petersburg,Moscow,679,3081220,3081899
TRIP-000295,EVS360-030,2032-01-09,2032-01-09T08:30,2032-01-09T10:50,Moscow,Saint Petersburg,679,1514722,1515401
TRIP-000296,EVS360-013,2032-01-09,2032-01-09T09:00,2032-01-09T11:20,Saint Petersburg,Moscow,679,2968175,2968854
TRIP-000297,EVS360-031,2032-01-09,2032-01-09T09:00,2032-01-09T11:20,Moscow,Saint Petersburg,679,1550349,1551028
TRIP-000298,EVS360-032,2032-01-09,2032-01-09T09:30,2032-01-09T11:50,Moscow,Saint Petersburg,679,1393307,1393986
TRIP-000299,EVS360-014,2032-01-09,2032-01-09T09:30,2032-01-09T11:50,Saint Petersburg,Moscow,679,2750837,2751516
TRIP-000300,EVS360-015,2032-01-09,2032-01-09T10:00,2032-01-09T12:10,Saint Petersburg,Moscow,679,2729358,2730037
TRIP-000301,EVS360-033,2032-01-09,2032-01-09T10:00,2032-01-09T12:10,Moscow,Saint Petersburg,679,1465790,1466469
TRIP-000302,EVS360-016,2032-01-09,2032-01-09T10:15,2032-01-09T12:35,Saint Petersburg,Moscow,679,2713030,2713709
TRIP-000303,EVS360-034,2032-01-09,2032-01-09T10:15,2032-01-09T12:35,Moscow,Saint Petersburg,679,1309223,1309902
TRIP-000304,EVS360-035,2032-01-09,2032-01-09T10:30,2032-01-09T12:50,Moscow,Saint Petersburg,679,1156705,1157384
TRIP-000305,EVS360-017,2032-01-09,2032-01-09T10:30,2032-01-09T12:50,Saint Petersburg,Moscow,679,2441499,2442178
TRIP-000306,EVS360-018,2032-01-09,2032-01-09T11:00,2032-01-09T13:20,Saint Petersburg,Moscow,679,2512323,2513002
TRIP-000307,EVS360-036,2032-01-09,2032-01-09T11:00,2032-01-09T13:20,Moscow,Saint Petersburg,679,1168932,1169611
TRIP-000308,EVS360-019,2032-01-09,2032-01-09T11:30,2032-01-09T13:50,Saint Petersburg,Moscow,679,2534842,2535521
TRIP-000309,EVS360-037,2032-01-09,2032-01-09T11:30,2032-01-09T13:50,Moscow,Saint Petersburg,679,1040632,1041311
TRIP-000310,EVS360-020,2032-01-09,2032-01-09T12:00,2032-01-09T14:10,Saint Petersburg,Moscow,679,2253051,2253730
TRIP-000311,EVS360-038,2032-01-09,2032-01-09T12:00,2032-01-09T14:10,Moscow,Saint Petersburg,679,1058622,1059301
TRIP-000312,EVS360-039,2032-01-09,2032-01-09T12:30,2032-01-09T14:50,Moscow,Saint Petersburg,679,973568,974247
TRIP-000313,EVS360-021,2032-01-09,2032-01-09T12:30,2032-01-09T14:50,Saint Petersburg,Moscow,679,2377239,2377918
TRIP-000314,EVS360-001,2032-01-09,2032-01-09T13:00,2032-01-09T15:20,Moscow,Saint Petersburg,679,3549961,3550640
TRIP-000315,EVS360-022,2032-01-09,2032-01-09T13:00,2032-01-09T15:20,Saint Petersburg,Moscow,679,2255994,2256673
TRIP-000316,EVS360-002,2032-01-09,2032-01-09T13:30,2032-01-09T15:50,Moscow,Saint Petersburg,679,3565461,3566140
TRIP-000317,EVS360-023,2032-01-09,2032-01-09T14:00,2032-01-09T16:10,Saint Petersburg,Moscow,679,2230860,2231539
TRIP-000318,EVS360-003,2032-01-09,2032-01-09T14:00,2032-01-09T16:10,Moscow,Saint Petersburg,679,3382952,3383631
TRIP-000319,EVS360-024,2032-01-09,2032-01-09T14:30,2032-01-09T16:50,Saint Petersburg,Moscow,679,1987207,1987886
TRIP-000320,EVS360-004,2032-01-09,2032-01-09T14:30,2032-01-09T16:50,Moscow,Saint Petersburg,679,3261929,3262608
TRIP-000321,EVS360-025,2032-01-09,2032-01-09T15:00,2032-01-09T17:20,Saint Petersburg,Moscow,679,1836841,1837520
TRIP-000322,EVS360-005,2032-01-09,2032-01-09T15:00,2032-01-09T17:20,Moscow,Saint Petersburg,679,3120453,3121132
TRIP-000323,EVS360-026,2032-01-09,2032-01-09T16:00,2032-01-09T18:10,Saint Petersburg,Moscow,679,1981008,1981687
TRIP-000324,EVS360-006,2032-01-09,2032-01-09T16:00,2032-01-09T18:10,Moscow,Saint Petersburg,679,3479257,3479936
TRIP-000325,EVS360-007,2032-01-09,2032-01-09T16:30,2032-01-09T18:50,Moscow,Saint Petersburg,679,3301375,3302054
TRIP-000326,EVS360-027,2032-01-09,2032-01-09T16:30,2032-01-09T18:50,Saint Petersburg,Moscow,679,1902254,1902933
TRIP-000327,EVS360-028,2032-01-09,2032-01-09T17:00,2032-01-09T19:20,Saint Petersburg,Moscow,679,1722485,1723164
TRIP-000328,EVS360-008,2032-01-09,2032-01-09T17:30,2032-01-09T19:50,Moscow,Saint Petersburg,679,3375200,3375879
TRIP-000329,EVS360-029,2032-01-09,2032-01-09T17:30,2032-01-09T19:50,Saint Petersburg,Moscow,679,1560574,1561253
TRIP-000330,EVS360-009,2032-01-09,2032-01-09T18:00,2032-01-09T20:10,Moscow,Saint Petersburg,679,3102670,3103349
TRIP-000331,EVS360-030,2032-01-09,2032-01-09T18:00,2032-01-09T20:10,Saint Petersburg,Moscow,679,1515401,1516080
TRIP-000332,EVS360-010,2032-01-09,2032-01-09T18:15,2032-01-09T20:35,Moscow,Saint Petersburg,679,3223784,3224463
TRIP-000333,EVS360-031,2032-01-09,2032-01-09T18:15,2032-01-09T20:35,Saint Petersburg,Moscow,679,1551028,1551707
TRIP-000334,EVS360-032,2032-01-09,2032-01-09T18:30,2032-01-09T20:50,Saint Petersburg,Moscow,679,1393986,1394665
TRIP-000335,EVS360-011,2032-01-09,2032-01-09T18:30,2032-01-09T20:50,Moscow,Saint Petersburg,679,2904638,2905317
TRIP-000336,EVS360-033,2032-01-09,2032-01-09T19:00,2032-01-09T21:20,Saint Petersburg,Moscow,679,1466469,1467148
TRIP-000337,EVS360-012,2032-01-09,2032-01-09T19:00,2032-01-09T21:20,Moscow,Saint Petersburg,679,3081899,3082578
TRIP-000338,EVS360-034,2032-01-09,2032-01-09T19:30,2032-01-09T21:50,Saint Petersburg,Moscow,679,1309902,1310581
TRIP-000339,EVS360-013,2032-01-09,2032-01-09T19:30,2032-01-09T21:50,Moscow,Saint Petersburg,679,2968854,2969533
TRIP-000340,EVS360-035,2032-01-09,2032-01-09T20:00,2032-01-09T22:10,Saint Petersburg,Moscow,679,1157384,1158063
TRIP-000341,EVS360-014,2032-01-09,2032-01-09T20:00,2032-01-09T22:10,Moscow,Saint Petersburg,679,2751516,2752195
TRIP-000342,EVS360-015,2032-01-09,2032-01-09T20:15,2032-01-09T22:35,Moscow,Saint Petersburg,679,2730037,2730716
TRIP-000343,EVS360-016,2032-01-09,2032-01-09T20:30,2032-01-09T22:50,Moscow,Saint Petersburg,679,2713709,2714388
TRIP-000344,EVS360-036,2032-01-09,2032-01-09T20:30,2032-01-09T22:50,Saint Petersburg,Moscow,679,1169611,1170290
TRIP-000345,EVS360-017,2032-01-09,2032-01-09T21:00,2032-01-09T23:20,Moscow,Saint Petersburg,679,2442178,2442857
TRIP-000346,EVS360-037,2032-01-09,2032-01-09T21:00,2032-01-09T23:20,Saint Petersburg,Moscow,679,1041311,1041990
TRIP-000347,EVS360-018,2032-01-09,2032-01-09T21:30,2032-01-09T23:50,Moscow,Saint Petersburg,679,2513002,2513681
TRIP-000348,EVS360-038,2032-01-09,2032-01-09T21:30,2032-01-09T23:50,Saint Petersburg,Moscow,679,1059301,1059980
TRIP-000349,EVS360-019,2032-01-09,2032-01-09T22:00,2032-01-10T00:10,Moscow,Saint Petersburg,679,2535521,2536200
TRIP-000350,EVS360-039,2032-01-09,2032-01-09T22:00,2032-01-10T00:10,Saint Petersburg,Moscow,679,974247,974926
TRIP-000351,EVS360-001,2032-01-10,2032-01-10T06:00,2032-01-10T08:10,Saint Petersburg,Moscow,679,3550640,3551319
TRIP-000352,EVS360-020,2032-01-10,2032-01-10T06:00,2032-01-10T08:10,Moscow,Saint Petersburg,679,2253730,2254409
TRIP-000353,EVS360-002,2032-01-10,2032-01-10T06:15,2032-01-10T08:35,Saint Petersburg,Moscow,679,3566140,3566819
TRIP-000354,EVS360-021,2032-01-10,2032-01-10T06:15,2032-01-10T08:35,Moscow,Saint Petersburg,679,2377918,2378597
TRIP-000355,EVS360-022,2032-01-10,2032-01-10T06:30,2032-01-10T08:50,Moscow,Saint Petersburg,679,2256673,2257352
TRIP-000356,EVS360-003,2032-01-10,2032-01-10T06:30,2032-01-10T08:50,Saint Petersburg,Moscow,679,3383631,3384310
TRIP-000357,EVS360-023,2032-01-10,2032-01-10T07:00,2032-01-10T09:20,Moscow,Saint Petersburg,679,2231539,2232218
TRIP-000358,EVS360-004,2032-01-10,2032-01-10T07:00,2032-01-10T09:20,Saint Petersburg,Moscow,679,3262608,3263287
TRIP-000359,EVS360-005,2032-01-10,2032-01-10T07:15,2032-01-10T09:35,Saint Petersburg,Moscow,679,3121132,3121811
TRIP-000360,EVS360-006,2032-01-10,2032-01-10T07:30,2032-01-10T09:50,Saint Petersburg,Moscow,679,3479936,3480615
TRIP-000361,EVS360-024,2032-01-10,2032-01-10T07:30,2032-01-10T09:50,Moscow,Saint Petersburg,679,1987886,1988565
TRIP-000362,EVS360-025,2032-01-10,2032-01-10T08:00,2032-01-10T10:10,Moscow,Saint Petersburg,679,1837520,1838199
TRIP-000363,EVS360-007,2032-01-10,2032-01-10T08:00,2032-01-10T10:10,Saint Petersburg,Moscow,679,3302054,3302733
TRIP-000364,EVS360-008,2032-01-10,2032-01-10T08:30,2032-01-10T10:50,Saint Petersburg,Moscow,679,3375879,3376558
TRIP-000365,EVS360-026,2032-01-10,2032-01-10T08:30,2032-01-10T10:50,Moscow,Saint Petersburg,679,1981687,1982366
TRIP-000366,EVS360-009,2032-01-10,2032-01-10T09:00,2032-01-10T11:20,Saint Petersburg,Moscow,679,3103349,3104028
TRIP-000367,EVS360-027,2032-01-10,2032-01-10T09:00,2032-01-10T11:20,Moscow,Saint Petersburg,679,1902933,1903612
TRIP-000368,EVS360-028,2032-01-10,2032-01-10T09:30,2032-01-10T11:50,Moscow,Saint Petersburg,679,1723164,1723843
TRIP-000369,EVS360-010,2032-01-10,2032-01-10T09:30,2032-01-10T11:50,Saint Petersburg,Moscow,679,3224463,3225142
TRIP-000370,EVS360-011,2032-01-10,2032-01-10T10:00,2032-01-10T12:10,Saint Petersburg,Moscow,679,2905317,2905996
TRIP-000371,EVS360-029,2032-01-10,2032-01-10T10:00,2032-01-10T12:10,Moscow,Saint Petersburg,679,1561253,1561932
TRIP-000372,EVS360-012,2032-01-10,2032-01-10T10:15,2032-01-10T12:35,Saint Petersburg,Moscow,679,3082578,3083257
TRIP-000373,EVS360-030,2032-01-10,2032-01-10T10:15,2032-01-10T12:35,Moscow,Saint Petersburg,679,1516080,1516759
TRIP-000374,EVS360-031,2032-01-10,2032-01-10T10:30,2032-01-10T12:50,Moscow,Saint Petersburg,679,1551707,1552386
TRIP-000375,EVS360-013,2032-01-10,2032-01-10T10:30,2032-01-10T12:50,Saint Petersburg,Moscow,679,2969533,2970212
TRIP-000376,EVS360-014,2032-01-10,2032-01-10T11:00,2032-01-10T13:20,Saint Petersburg,Moscow,679,2752195,2752874
TRIP-000377,EVS360-032,2032-01-10,2032-01-10T11:00,2032-01-10T13:20,Moscow,Saint Petersburg,679,1394665,1395344
TRIP-000378,EVS360-015,2032-01-10,2032-01-10T11:30,2032-01-10T13:50,Saint Petersburg,Moscow,679,2730716,2731395
TRIP-000379,EVS360-033,2032-01-10,2032-01-10T11:30,2032-01-10T13:50,Moscow,Saint Petersburg,679,1467148,1467827
TRIP-000380,EVS360-016,2032-01-10,2032-01-10T12:00,2032-01-10T14:10,Saint Petersburg,Moscow,679,2714388,2715067
TRIP-000381,EVS360-034,2032-01-10,2032-01-10T12:00,2032-01-10T14:10,Moscow,Saint Petersburg,679,1310581,1311260
TRIP-000382,EVS360-035,2032-01-10,2032-01-10T12:30,2032-01-10T14:50,Moscow,Saint Petersburg,679,1158063,1158742
TRIP-000383,EVS360-017,2032-01-10,2032-01-10T12:30,2032-01-10T14:50,Saint Petersburg,Moscow,679,2442857,2443536
TRIP-000384,EVS360-036,2032-01-10,2032-01-10T13:00,2032-01-10T15:20,Moscow,Saint Petersburg,679,1170290,1170969
TRIP-000385,EVS360-018,2032-01-10,2032-01-10T13:00,2032-01-10T15:20,Saint Petersburg,Moscow,679,2513681,2514360
TRIP-000386,EVS360-037,2032-01-10,2032-01-10T13:30,2032-01-10T15:50,Moscow,Saint Petersburg,679,1041990,1042669
TRIP-000387,EVS360-019,2032-01-10,2032-01-10T14:00,2032-01-10T16:10,Saint Petersburg,Moscow,679,2536200,2536879
TRIP-000388,EVS360-038,2032-01-10,2032-01-10T14:00,2032-01-10T16:10,Moscow,Saint Petersburg,679,1059980,1060659
TRIP-000389,EVS360-020,2032-01-10,2032-01-10T14:30,2032-01-10T16:50,Saint Petersburg,Moscow,679,2254409,2255088
TRIP-000390,EVS360-039,2032-01-10,2032-01-10T14:30,2032-01-10T16:50,Moscow,Saint Petersburg,679,974926,975605
TRIP-000391,EVS360-021,2032-01-10,2032-01-10T15:00,2032-01-10T17:20,Saint Petersburg,Moscow,679,2378597,2379276
TRIP-000392,EVS360-001,2032-01-10,2032-01-10T15:00,2032-01-10T17:20,Moscow,Saint Petersburg,679,3551319,3551998
TRIP-000393,EVS360-022,2032-01-10,2032-01-10T16:00,2032-01-10T18:10,Saint Petersburg,Moscow,679,2257352,2258031
TRIP-000394,EVS360-002,2032-01-10,2032-01-10T16:00,2032-01-10T18:10,Moscow,Saint Petersburg,679,3566819,3567498
TRIP-000395,EVS360-003,2032-01-10,2032-01-10T16:30,2032-01-10T18:50,Moscow,Saint Petersburg,679,3384310,3384989
TRIP-000396,EVS360-023,2032-01-10,2032-01-10T16:30,2032-01-10T18:50,Saint Petersburg,Moscow,679,2232218,2232897
TRIP-000397,EVS360-024,2032-01-10,2032-01-10T17:00,2032-01-10T19:20,Saint Petersburg,Moscow,679,1988565,1989244
TRIP-000398,EVS360-004,2032-01-10,2032-01-10T17:30,2032-01-10T19:50,Moscow,Saint Petersburg,679,3263287,3263966
TRIP-000399,EVS360-025,2032-01-10,2032-01-10T17:30,2032-01-10T19:50,Saint Petersburg,Moscow,679,1838199,1838878
TRIP-000400,EVS360-005,2032-01-10,2032-01-10T18:00,2032-01-10T20:10,Moscow,Saint Petersburg,679,3121811,3122490
TRIP-000401,EVS360-026,2032-01-10,2032-01-10T18:00,2032-01-10T20:10,Saint Petersburg,Moscow,679,1982366,1983045
TRIP-000402,EVS360-006,2032-01-10,2032-01-10T18:15,2032-01-10T20:35,Moscow,Saint Petersburg,679,3480615,3481294
TRIP-000403,EVS360-027,2032-01-10,2032-01-10T18:15,2032-01-10T20:35,Saint Petersburg,Moscow,679,1903612,1904291
TRIP-000404,EVS360-028,2032-01-10,2032-01-10T18:30,2032-01-10T20:50,Saint Petersburg,Moscow,679,1723843,1724522
TRIP-000405,EVS360-007,2032-01-10,2032-01-10T18:30,2032-01-10T20:50,Moscow,Saint Petersburg,679,3302733,3303412
TRIP-000406,EVS360-029,2032-01-10,2032-01-10T19:00,2032-01-10T21:20,Saint Petersburg,Moscow,679,1561932,1562611
TRIP-000407,EVS360-008,2032-01-10,2032-01-10T19:00,2032-01-10T21:20,Moscow,Saint Petersburg,679,3376558,3377237
TRIP-000408,EVS360-030,2032-01-10,2032-01-10T19:30,2032-01-10T21:50,Saint Petersburg,Moscow,679,1516759,1517438
TRIP-000409,EVS360-009,2032-01-10,2032-01-10T19:30,2032-01-10T21:50,Moscow,Saint Petersburg,679,3104028,3104707
TRIP-000410,EVS360-031,2032-01-10,2032-01-10T20:00,2032-01-10T22:10,Saint Petersburg,Moscow,679,1552386,1553065
TRIP-000411,EVS360-010,2032-01-10,2032-01-10T20:00,2032-01-10T22:10,Moscow,Saint Petersburg,679,3225142,3225821
TRIP-000412,EVS360-011,2032-01-10,2032-01-10T20:15,2032-01-10T22:35,Moscow,Saint Petersburg,679,2905996,2906675
TRIP-000413,EVS360-012,2032-01-10,2032-01-10T20:30,2032-01-10T22:50,Moscow,Saint Petersburg,679,3083257,3083936
TRIP-000414,EVS360-032,2032-01-10,2032-01-10T20:30,2032-01-10T22:50,Saint Petersburg,Moscow,679,1395344,1396023
TRIP-000415,EVS360-013,2032-01-10,2032-01-10T21:00,2032-01-10T23:20,Moscow,Saint Petersburg,679,2970212,2970891
TRIP-000416,EVS360-033,2032-01-10,2032-01-10T21:00,2032-01-10T23:20,Saint Petersburg,Moscow,679,1467827,1468506
TRIP-000417,EVS360-014,2032-01-10,2032-01-10T21:30,2032-01-10T23:50,Moscow,Saint Petersburg,679,2752874,2753553
TRIP-000418,EVS360-034,2032-01-10,2032-01-10T21:30,2032-01-10T23:50,Saint Petersburg,Moscow,679,1311260,1311939
TRIP-000419,EVS360-015,2032-01-10,2032-01-10T22:00,2032-01-11T00:10,Moscow,Saint Petersburg,679,2731395,2732074
TRIP-000420,EVS360-035,2032-01-10,2032-01-10T22:00,2032-01-11T00:10,Saint Petersburg,Moscow,679,1158742,1159421
TRIP-000421,EVS360-036,2032-01-11,2032-01-11T06:00,2032-01-11T08:10,Saint Petersburg,Moscow,679,1170969,1171648
TRIP-000422,EVS360-016,2032-01-11,2032-01-11T06:00,2032-01-11T08:10,Moscow,Saint Petersburg,679,2715067,2715746
TRIP-000423,EVS360-037,2032-01-11,2032-01-11T06:15,2032-01-11T08:35,Saint Petersburg,Moscow,679,1042669,1043348
TRIP-000424,EVS360-017,2032-01-11,2032-01-11T06:15,2032-01-11T08:35,Moscow,Saint Petersburg,679,2443536,2444215
TRIP-000425,EVS360-018,2032-01-11,2032-01-11T06:30,2032-01-11T08:50,Moscow,Saint Petersburg,679,2514360,2515039
TRIP-000426,EVS360-038,2032-01-11,2032-01-11T06:30,2032-01-11T08:50,Saint Petersburg,Moscow,679,1060659,1061338
TRIP-000427,EVS360-019,2032-01-11,2032-01-11T07:00,2032-01-11T09:20,Moscow,Saint Petersburg,679,2536879,2537558
TRIP-000428,EVS360-039,2032-01-11,2032-01-11T07:00,2032-01-11T09:20,Saint Petersburg,Moscow,679,975605,976284
TRIP-000429,EVS360-001,2032-01-11,2032-01-11T07:15,2032-01-11T09:35,Saint Petersburg,Moscow,679,3551998,3552677
TRIP-000430,EVS360-002,2032-01-11,2032-01-11T07:30,2032-01-11T09:50,Saint Petersburg,Moscow,679,3567498,3568177
TRIP-000431,EVS360-020,2032-01-11,2032-01-11T07:30,2032-01-11T09:50,Moscow,Saint Petersburg,679,2255088,2255767
TRIP-000432,EVS360-021,2032-01-11,2032-01-11T08:00,2032-01-11T10:10,Moscow,Saint Petersburg,679,2379276,2379955
TRIP-000433,EVS360-003,2032-01-11,2032-01-11T08:00,2032-01-11T10:10,Saint Petersburg,Moscow,679,3384989,3385668
TRIP-000434,EVS360-004,2032-01-11,2032-01-11T08:30,2032-01-11T10:50,Saint Petersburg,Moscow,679,3263966,3264645
TRIP-000435,EVS360-022,2032-01-11,2032-01-11T08:30,2032-01-11T10:50,Moscow,Saint Petersburg,679,2258031,2258710
TRIP-000436,EVS360-005,2032-01-11,2032-01-11T09:00,2032-01-11T11:20,Saint Petersburg,Moscow,679,3122490,3123169
TRIP-000437,EVS360-023,2032-01-11,2032-01-11T09:00,2032-01-11T11:20,Moscow,Saint Petersburg,679,2232897,2233576
TRIP-000438,EVS360-024,2032-01-11,2032-01-11T09:30,2032-01-11T11:50,Moscow,Saint Petersburg,679,1989244,1989923
TRIP-000439,EVS360-006,2032-01-11,2032-01-11T09:30,2032-01-11T11:50,Saint Petersburg,Moscow,679,3481294,3481973
TRIP-000440,EVS360-007,2032-01-11,2032-01-11T10:00,2032-01-11T12:10,Saint Petersburg,Moscow,679,3303412,3304091
TRIP-000441,EVS360-025,2032-01-11,2032-01-11T10:00,2032-01-11T12:10,Moscow,Saint Petersburg,679,1838878,1839557
TRIP-000442,EVS360-008,2032-01-11,2032-01-11T10:15,2032-01-11T12:35,Saint Petersburg,Moscow,679,3377237,3377916
TRIP-000443,EVS360-026,2032-01-11,2032-01-11T10:15,2032-01-11T12:35,Moscow,Saint Petersburg,679,1983045,1983724
TRIP-000444,EVS360-027,2032-01-11,2032-01-11T10:30,2032-01-11T12:50,Moscow,Saint Petersburg,679,1904291,1904970
TRIP-000445,EVS360-009,2032-01-11,2032-01-11T10:30,2032-01-11T12:50,Saint Petersburg,Moscow,679,3104707,3105386
TRIP-000446,EVS360-010,2032-01-11,2032-01-11T11:00,2032-01-11T13:20,Saint Petersburg,Moscow,679,3225821,3226500
TRIP-000447,EVS360-028,2032-01-11,2032-01-11T11:00,2032-01-11T13:20,Moscow,Saint Petersburg,679,1724522,1725201
TRIP-000448,EVS360-011,2032-01-11,2032-01-11T11:30,2032-01-11T13:50,Saint Petersburg,Moscow,679,2906675,2907354
TRIP-000449,EVS360-029,2032-01-11,2032-01-11T11:30,2032-01-11T13:50,Moscow,Saint Petersburg,679,1562611,1563290
TRIP-000450,EVS360-012,2032-01-11,2032-01-11T12:00,2032-01-11T14:10,Saint Petersburg,Moscow,679,3083936,3084615
TRIP-000451,EVS360-030,2032-01-11,2032-01-11T12:00,2032-01-11T14:10,Moscow,Saint Petersburg,679,1517438,1518117
TRIP-000452,EVS360-031,2032-01-11,2032-01-11T12:30,2032-01-11T14:50,Moscow,Saint Petersburg,679,1553065,1553744
TRIP-000453,EVS360-013,2032-01-11,2032-01-11T12:30,2032-01-11T14:50,Saint Petersburg,Moscow,679,2970891,2971570
TRIP-000454,EVS360-032,2032-01-11,2032-01-11T13:00,2032-01-11T15:20,Moscow,Saint Petersburg,679,1396023,1396702
TRIP-000455,EVS360-014,2032-01-11,2032-01-11T13:00,2032-01-11T15:20,Saint Petersburg,Moscow,679,2753553,2754232
TRIP-000456,EVS360-033,2032-01-11,2032-01-11T13:30,2032-01-11T15:50,Moscow,Saint Petersburg,679,1468506,1469185
TRIP-000457,EVS360-015,2032-01-11,2032-01-11T14:00,2032-01-11T16:10,Saint Petersburg,Moscow,679,2732074,2732753
TRIP-000458,EVS360-034,2032-01-11,2032-01-11T14:00,2032-01-11T16:10,Moscow,Saint Petersburg,679,1311939,1312618
TRIP-000459,EVS360-016,2032-01-11,2032-01-11T14:30,2032-01-11T16:50,Saint Petersburg,Moscow,679,2715746,2716425
TRIP-000460,EVS360-035,2032-01-11,2032-01-11T14:30,2032-01-11T16:50,Moscow,Saint Petersburg,679,1159421,1160100
TRIP-000461,EVS360-017,2032-01-11,2032-01-11T15:00,2032-01-11T17:20,Saint Petersburg,Moscow,679,2444215,2444894
TRIP-000462,EVS360-036,2032-01-11,2032-01-11T15:00,2032-01-11T17:20,Moscow,Saint Petersburg,679,1171648,1172327
TRIP-000463,EVS360-018,2032-01-11,2032-01-11T16:00,2032-01-11T18:10,Saint Petersburg,Moscow,679,2515039,2515718
TRIP-000464,EVS360-037,2032-01-11,2032-01-11T16:00,2032-01-11T18:10,Moscow,Saint Petersburg,679,1043348,1044027
TRIP-000465,EVS360-038,2032-01-11,2032-01-11T16:30,2032-01-11T18:50,Moscow,Saint Petersburg,679,1061338,1062017
TRIP-000466,EVS360-019,2032-01-11,2032-01-11T16:30,2032-01-11T18:50,Saint Petersburg,Moscow,679,2537558,2538237
TRIP-000467,EVS360-020,2032-01-11,2032-01-11T17:00,2032-01-11T19:20,Saint Petersburg,Moscow,679,2255767,2256446
TRIP-000468,EVS360-039,2032-01-11,2032-01-11T17:30,2032-01-11T19:50,Moscow,Saint Petersburg,679,976284,976963
TRIP-000469,EVS360-021,2032-01-11,2032-01-11T17:30,2032-01-11T19:50,Saint Petersburg,Moscow,679,2379955,2380634
TRIP-000470,EVS360-001,2032-01-11,2032-01-11T18:00,2032-01-11T20:10,Moscow,Saint Petersburg,679,3552677,3553356
TRIP-000471,EVS360-022,2032-01-11,2032-01-11T18:00,2032-01-11T20:10,Saint Petersburg,Moscow,679,2258710,2259389
TRIP-000472,EVS360-002,2032-01-11,2032-01-11T18:15,2032-01-11T20:35,Moscow,Saint Petersburg,679,3568177,3568856
TRIP-000473,EVS360-023,2032-01-11,2032-01-11T18:15,2032-01-11T20:35,Saint Petersburg,Moscow,679,2233576,2234255
TRIP-000474,EVS360-024,2032-01-11,2032-01-11T18:30,2032-01-11T20:50,Saint Petersburg,Moscow,679,1989923,1990602
TRIP-000475,EVS360-003,2032-01-11,2032-01-11T18:30,2032-01-11T20:50,Moscow,Saint Petersburg,679,3385668,3386347
TRIP-000476,EVS360-025,2032-01-11,2032-01-11T19:00,2032-01-11T21:20,Saint Petersburg,Moscow,679,1839557,1840236
TRIP-000477,EVS360-004,2032-01-11,2032-01-11T19:00,2032-01-11T21:20,Moscow,Saint Petersburg,679,3264645,3265324
TRIP-000478,EVS360-026,2032-01-11,2032-01-11T19:30,2032-01-11T21:50,Saint Petersburg,Moscow,679,1983724,1984403
TRIP-000479,EVS360-005,2032-01-11,2032-01-11T19:30,2032-01-11T21:50,Moscow,Saint Petersburg,679,3123169,3123848
TRIP-000480,EVS360-027,2032-01-11,2032-01-11T20:00,2032-01-11T22:10,Saint Petersburg,Moscow,679,1904970,1905649
TRIP-000481,EVS360-006,2032-01-11,2032-01-11T20:00,2032-01-11T22:10,Moscow,Saint Petersburg,679,3481973,3482652
TRIP-000482,EVS360-007,2032-01-11,2032-01-11T20:15,2032-01-11T22:35,Moscow,Saint Petersburg,679,3304091,3304770
TRIP-000483,EVS360-008,2032-01-11,2032-01-11T20:30,2032-01-11T22:50,Moscow,Saint Petersburg,679,3377916,3378595
TRIP-000484,EVS360-028,2032-01-11,2032-01-11T20:30,2032-01-11T22:50,Saint Petersburg,Moscow,679,1725201,1725880
TRIP-000485,EVS360-009,2032-01-11,2032-01-11T21:00,2032-01-11T23:20,Moscow,Saint Petersburg,679,3105386,3106065
TRIP-000486,EVS360-029,2032-01-11,2032-01-11T21:00,2032-01-11T23:20,Saint Petersburg,Moscow,679,1563290,1563969
TRIP-000487,EVS360-010,2032-01-11,2032-01-11T21:30,2032-01-11T23:50,Moscow,Saint Petersburg,679,3226500,3227179
TRIP-000488,EVS360-030,2032-01-11,2032-01-11T21:30,2032-01-11T23:50,Saint Petersburg,Moscow,679,1518117,1518796
TRIP-000489,EVS360-011,2032-01-11,2032-01-11T22:00,2032-01-12T00:10,Moscow,Saint Petersburg,679,2907354,2908033
TRIP-000490,EVS360-031,2032-01-11,2032-01-11T22:00,2032-01-12T00:10,Saint Petersburg,Moscow,679,1553744,1554423
