trip_id,template_trip_id,source_trip_number,train_id,service_date,departure_time,arrival_time,origin,destination,distance_km,requires_cleaning_after
TRIP-000001,TURNOVER-001,701,EVS360-021,2032-01-05,2032-01-05T06:00,2032-01-05T08:10,Saint Petersburg,Moscow,679,false
TRIP-000002,TURNOVER-002,702,EVS360-001,2032-01-05,2032-01-05T06:00,2032-01-05T08:10,Moscow,Saint Petersburg,679,false
TRIP-000003,TURNOVER-003,715,EVS360-022,2032-01-05,2032-01-05T06:15,2032-01-05T08:35,Saint Petersburg,Moscow,679,false
TRIP-000004,TURNOVER-004,726,EVS360-002,2032-01-05,2032-01-05T06:15,2032-01-05T08:35,Moscow,Saint Petersburg,679,false
TRIP-000005,TURNOVER-005,712,EVS360-003,2032-01-05,2032-01-05T06:30,2032-01-05T08:50,Moscow,Saint Petersburg,679,false
TRIP-000006,TURNOVER-006,721,EVS360-023,2032-01-05,2032-01-05T06:30,2032-01-05T08:50,Saint Petersburg,Moscow,679,false
TRIP-000007,TURNOVER-007,746,EVS360-004,2032-01-05,2032-01-05T07:00,2032-01-05T09:20,Moscow,Saint Petersburg,679,false
TRIP-000008,TURNOVER-008,753,EVS360-024,2032-01-05,2032-01-05T07:00,2032-01-05T09:20,Saint Petersburg,Moscow,679,false
TRIP-000009,TURNOVER-009,741,EVS360-025,2032-01-05,2032-01-05T07:15,2032-01-05T09:35,Saint Petersburg,Moscow,679,false
TRIP-000010,TURNOVER-010,735,EVS360-026,2032-01-05,2032-01-05T07:30,2032-01-05T09:50,Saint Petersburg,Moscow,679,false
TRIP-000011,TURNOVER-011,750,EVS360-005,2032-01-05,2032-01-05T07:30,2032-01-05T09:50,Moscow,Saint Petersburg,679,false
TRIP-000012,TURNOVER-012,758,EVS360-006,2032-01-05,2032-01-05T08:00,2032-01-05T10:10,Moscow,Saint Petersburg,679,false
TRIP-000013,TURNOVER-013,761,EVS360-027,2032-01-05,2032-01-05T08:00,2032-01-05T10:10,Saint Petersburg,Moscow,679,false
TRIP-000014,TURNOVER-014,773,EVS360-028,2032-01-05,2032-01-05T08:30,2032-01-05T10:50,Saint Petersburg,Moscow,679,false
TRIP-000015,TURNOVER-015,774,EVS360-007,2032-01-05,2032-01-05T08:30,2032-01-05T10:50,Moscow,Saint Petersburg,679,false
TRIP-000016,TURNOVER-016,703,EVS360-029,2032-01-05,2032-01-05T09:00,2032-01-05T11:20,Saint Petersburg,Moscow,679,false
TRIP-000017,TURNOVER-017,704,EVS360-008,2032-01-05,2032-01-05T09:00,2032-01-05T11:20,Moscow,Saint Petersburg,679,false
TRIP-000018,TURNOVER-018,722,EVS360-009,2032-01-05,2032-01-05T09:30,2032-01-05T11:50,Moscow,Saint Petersburg,679,false
TRIP-000019,TURNOVER-019,727,EVS360-030,2032-01-05,2032-01-05T09:30,2032-01-05T11:50,Saint Petersburg,Moscow,679,false
TRIP-000020,TURNOVER-020,745,EVS360-031,2032-01-05,2032-01-05T10:00,2032-01-05T12:10,Saint Petersburg,Moscow,679,false
TRIP-000021,TURNOVER-021,754,EVS360-010,2032-01-05,2032-01-05T10:00,2032-01-05T12:10,Moscow,Saint Petersburg,679,false
TRIP-000022,TURNOVER-022,713,EVS360-032,2032-01-05,2032-01-05T10:15,2032-01-05T12:35,Saint Petersburg,Moscow,679,false
TRIP-000023,TURNOVER-023,742,EVS360-011,2032-01-05,2032-01-05T10:15,2032-01-05T12:35,Moscow,Saint Petersburg,679,false
TRIP-000024,TURNOVER-024,718,EVS360-012,2032-01-05,2032-01-05T10:30,2032-01-05T12:50,Moscow,Saint Petersburg,679,false
TRIP-000025,TURNOVER-025,749,EVS360-033,2032-01-05,2032-01-05T10:30,2032-01-05T12:50,Saint Petersburg,Moscow,679,false
TRIP-000026,TURNOVER-026,757,EVS360-034,2032-01-05,2032-01-05T11:00,2032-01-05T13:20,Saint Petersburg,Moscow,679,false
TRIP-000027,TURNOVER-027,762,EVS360-013,2032-01-05,2032-01-05T11:00,2032-01-05T13:20,Moscow,Saint Petersburg,679,false
TRIP-000028,TURNOVER-028,707,EVS360-035,2032-01-05,2032-01-05T11:30,2032-01-05T13:50,Saint Petersburg,Moscow,679,false
TRIP-000029,TURNOVER-029,778,EVS360-014,2032-01-05,2032-01-05T11:30,2032-01-05T13:50,Moscow,Saint Petersburg,679,false
TRIP-000030,TURNOVER-030,705,EVS360-036,2032-01-05,2032-01-05T12:00,2032-01-05T14:10,Saint Petersburg,Moscow,679,false
TRIP-000031,TURNOVER-031,706,EVS360-015,2032-01-05,2032-01-05T12:00,2032-01-05T14:10,Moscow,Saint Petersburg,679,false
TRIP-000032,TURNOVER-032,714,EVS360-016,2032-01-05,2032-01-05T12:30,2032-01-05T14:50,Moscow,Saint Petersburg,679,false
TRIP-000033,TURNOVER-033,723,EVS360-037,2032-01-05,2032-01-05T12:30,2032-01-05T14:50,Saint Petersburg,Moscow,679,false
TRIP-000034,TURNOVER-034,748,EVS360-017,2032-01-05,2032-01-05T13:00,2032-01-05T15:20,Moscow,Saint Petersburg,679,false
TRIP-000035,TURNOVER-035,755,EVS360-038,2032-01-05,2032-01-05T13:00,2032-01-05T15:20,Saint Petersburg,Moscow,679,false
TRIP-000036,TURNOVER-036,784,EVS360-018,2032-01-05,2032-01-05T13:30,2032-01-05T15:50,Moscow,Saint Petersburg,679,false
TRIP-000037,TURNOVER-037,763,EVS360-039,2032-01-05,2032-01-05T14:00,2032-01-05T16:10,Saint Petersburg,Moscow,679,false
TRIP-000038,TURNOVER-038,766,EVS360-019,2032-01-05,2032-01-05T14:00,2032-01-05T16:10,Moscow,Saint Petersburg,679,false
TRIP-000039,TURNOVER-039,769,EVS360-001,2032-01-05,2032-01-05T14:30,2032-01-05T16:50,Saint Petersburg,Moscow,679,false
TRIP-000040,TURNOVER-040,776,EVS360-020,2032-01-05,2032-01-05T14:30,2032-01-05T16:50,Moscow,Saint Petersburg,679,false
TRIP-000041,TURNOVER-041,743,EVS360-002,2032-01-05,2032-01-05T15:00,2032-01-05T17:20,Saint Petersburg,Moscow,679,false
TRIP-000042,TURNOVER-042,752,EVS360-021,2032-01-05,2032-01-05T15:00,2032-01-05T17:20,Moscow,Saint Petersburg,679,false
TRIP-000043,TURNOVER-043,747,EVS360-003,2032-01-05,2032-01-05T16:00,2032-01-05T18:10,Saint Petersburg,Moscow,679,false
TRIP-000044,TURNOVER-044,756,EVS360-022,2032-01-05,2032-01-05T16:00,2032-01-05T18:10,Moscow,Saint Petersburg,679,false
TRIP-000045,TURNOVER-045,772,EVS360-023,2032-01-05,2032-01-05T16:30,2032-01-05T18:50,Moscow,Saint Petersburg,679,false
TRIP-000046,TURNOVER-046,775,EVS360-004,2032-01-05,2032-01-05T16:30,2032-01-05T18:50,Saint Petersburg,Moscow,679,false
TRIP-000047,TURNOVER-047,767,EVS360-005,2032-01-05,2032-01-05T17:00,2032-01-05T19:20,Saint Petersburg,Moscow,679,false
TRIP-000048,TURNOVER-048,764,EVS360-024,2032-01-05,2032-01-05T17:30,2032-01-05T19:50,Moscow,Saint Petersburg,679,false
TRIP-000049,TURNOVER-049,777,EVS360-006,2032-01-05,2032-01-05T17:30,2032-01-05T19:50,Saint Petersburg,Moscow,679,false
TRIP-000050,TURNOVER-050,708,EVS360-025,2032-01-05,2032-01-05T18:00,2032-01-05T20:10,Moscow,Saint Petersburg,679,false
TRIP-000051,TURNOVER-051,729,EVS360-007,2032-01-05,2032-01-05T18:00,2032-01-05T20:10,Saint Petersburg,Moscow,679,false
TRIP-000052,TURNOVER-052,720,EVS360-026,2032-01-05,2032-01-05T18:15,2032-01-05T20:35,Moscow,Saint Petersburg,679,false
TRIP-000053,TURNOVER-053,781,EVS360-008,2032-01-05,2032-01-05T18:15,2032-01-05T20:35,Saint Petersburg,Moscow,679,false
TRIP-000054,TURNOVER-054,711,EVS360-009,2032-01-05,2032-01-05T18:30,2032-01-05T20:50,Saint Petersburg,Moscow,679,false
TRIP-000055,TURNOVER-055,724,EVS360-027,2032-01-05,2032-01-05T18:30,2032-01-05T20:50,Moscow,Saint Petersburg,679,false
TRIP-000056,TURNOVER-056,733,EVS360-010,2032-01-05,2032-01-05T19:00,2032-01-05T21:20,Saint Petersburg,Moscow,679,false
TRIP-000057,TURNOVER-057,740,EVS360-028,2032-01-05,2032-01-05T19:00,2032-01-05T21:20,Moscow,Saint Petersburg,679,false
TRIP-000058,TURNOVER-058,779,EVS360-011,2032-01-05,2032-01-05T19:30,2032-01-05T21:50,Saint Petersburg,Moscow,679,false
TRIP-000059,TURNOVER-059,782,EVS360-029,2032-01-05,2032-01-05T19:30,2032-01-05T21:50,Moscow,Saint Petersburg,679,false
TRIP-000060,TURNOVER-060,759,EVS360-012,2032-01-05,2032-01-05T20:00,2032-01-05T22:10,Saint Petersburg,Moscow,679,false
TRIP-000061,TURNOVER-061,768,EVS360-030,2032-01-05,2032-01-05T20:00,2032-01-05T22:10,Moscow,Saint Petersburg,679,false
TRIP-000062,TURNOVER-062,744,EVS360-031,2032-01-05,2032-01-05T20:15,2032-01-05T22:35,Moscow,Saint Petersburg,679,false
TRIP-000063,TURNOVER-063,710,EVS360-032,2032-01-05,2032-01-05T20:30,2032-01-05T22:50,Moscow,Saint Petersburg,679,false
TRIP-000064,TURNOVER-064,751,EVS360-013,2032-01-05,2032-01-05T20:30,2032-01-05T22:50,Saint Petersburg,Moscow,679,false
TRIP-000065,TURNOVER-065,730,EVS360-033,2032-01-05,2032-01-05T21:00,2032-01-05T23:20,Moscow,Saint Petersburg,679,false
TRIP-000066,TURNOVER-066,771,EVS360-014,2032-01-05,2032-01-05T21:00,2032-01-05T23:20,Saint Petersburg,Moscow,679,false
TRIP-000067,TURNOVER-067,716,EVS360-034,2032-01-05,2032-01-05T21:30,2032-01-05T23:50,Moscow,Saint Petersburg,679,false
TRIP-000068,TURNOVER-068,725,EVS360-015,2032-01-05,2032-01-05T21:30,2032-01-05T23:50,Saint Petersburg,Moscow,679,false
TRIP-000069,TURNOVER-069,736,EVS360-035,2032-01-05,2032-01-05T22:00,2032-01-06T00:10,Moscow,Saint Petersburg,679,false
TRIP-000070,TURNOVER-070,739,EVS360-016,2032-01-05,2032-01-05T22:00,2032-01-06T00:10,Saint Petersburg,Moscow,679,false
TRIP-000071,TURNOVER-001,701,EVS360-017,2032-01-06,2032-01-06T06:00,2032-01-06T08:10,Saint Petersburg,Moscow,679,false
TRIP-000072,TURNOVER-002,702,EVS360-036,2032-01-06,2032-01-06T06:00,2032-01-06T08:10,Moscow,Saint Petersburg,679,false
TRIP-000073,TURNOVER-003,715,EVS360-018,2032-01-06,2032-01-06T06:15,2032-01-06T08:35,Saint Petersburg,Moscow,679,false
TRIP-000074,TURNOVER-004,726,EVS360-037,2032-01-06,2032-01-06T06:15,2032-01-06T08:35,Moscow,Saint Petersburg,679,false
TRIP-000075,TURNOVER-005,712,EVS360-038,2032-01-06,2032-01-06T06:30,2032-01-06T08:50,Moscow,Saint Petersburg,679,false
TRIP-000076,TURNOVER-006,721,EVS360-019,2032-01-06,2032-01-06T06:30,2032-01-06T08:50,Saint Petersburg,Moscow,679,false
TRIP-000077,TURNOVER-007,746,EVS360-039,2032-01-06,2032-01-06T07:00,2032-01-06T09:20,Moscow,Saint Petersburg,679,false
TRIP-000078,TURNOVER-008,753,EVS360-020,2032-01-06,2032-01-06T07:00,2032-01-06T09:20,Saint Petersburg,Moscow,679,false
TRIP-000079,TURNOVER-009,741,EVS360-021,2032-01-06,2032-01-06T07:15,2032-01-06T09:35,Saint Petersburg,Moscow,679,false
TRIP-000080,TURNOVER-010,735,EVS360-022,2032-01-06,2032-01-06T07:30,2032-01-06T09:50,Saint Petersburg,Moscow,679,false
TRIP-000081,TURNOVER-011,750,EVS360-001,2032-01-06,2032-01-06T07:30,2032-01-06T09:50,Moscow,Saint Petersburg,679,false
TRIP-000082,TURNOVER-012,758,EVS360-002,2032-01-06,2032-01-06T08:00,2032-01-06T10:10,Moscow,Saint Petersburg,679,false
TRIP-000083,TURNOVER-013,761,EVS360-023,2032-01-06,2032-01-06T08:00,2032-01-06T10:10,Saint Petersburg,Moscow,679,false
TRIP-000084,TURNOVER-014,773,EVS360-024,2032-01-06,2032-01-06T08:30,2032-01-06T10:50,Saint Petersburg,Moscow,679,false
TRIP-000085,TURNOVER-015,774,EVS360-003,2032-01-06,2032-01-06T08:30,2032-01-06T10:50,Moscow,Saint Petersburg,679,false
TRIP-000086,TURNOVER-016,703,EVS360-025,2032-01-06,2032-01-06T09:00,2032-01-06T11:20,Saint Petersburg,Moscow,679,false
TRIP-000087,TURNOVER-017,704,EVS360-004,2032-01-06,2032-01-06T09:00,2032-01-06T11:20,Moscow,Saint Petersburg,679,false
TRIP-000088,TURNOVER-018,722,EVS360-005,2032-01-06,2032-01-06T09:30,2032-01-06T11:50,Moscow,Saint Petersburg,679,false
TRIP-000089,TURNOVER-019,727,EVS360-026,2032-01-06,2032-01-06T09:30,2032-01-06T11:50,Saint Petersburg,Moscow,679,false
TRIP-000090,TURNOVER-020,745,EVS360-027,2032-01-06,2032-01-06T10:00,2032-01-06T12:10,Saint Petersburg,Moscow,679,false
TRIP-000091,TURNOVER-021,754,EVS360-006,2032-01-06,2032-01-06T10:00,2032-01-06T12:10,Moscow,Saint Petersburg,679,false
TRIP-000092,TURNOVER-022,713,EVS360-028,2032-01-06,2032-01-06T10:15,2032-01-06T12:35,Saint Petersburg,Moscow,679,false
TRIP-000093,TURNOVER-023,742,EVS360-007,2032-01-06,2032-01-06T10:15,2032-01-06T12:35,Moscow,Saint Petersburg,679,false
TRIP-000094,TURNOVER-024,718,EVS360-008,2032-01-06,2032-01-06T10:30,2032-01-06T12:50,Moscow,Saint Petersburg,679,false
TRIP-000095,TURNOVER-025,749,EVS360-029,2032-01-06,2032-01-06T10:30,2032-01-06T12:50,Saint Petersburg,Moscow,679,false
TRIP-000096,TURNOVER-026,757,EVS360-030,2032-01-06,2032-01-06T11:00,2032-01-06T13:20,Saint Petersburg,Moscow,679,false
TRIP-000097,TURNOVER-027,762,EVS360-009,2032-01-06,2032-01-06T11:00,2032-01-06T13:20,Moscow,Saint Petersburg,679,false
TRIP-000098,TURNOVER-028,707,EVS360-031,2032-01-06,2032-01-06T11:30,2032-01-06T13:50,Saint Petersburg,Moscow,679,false
TRIP-000099,TURNOVER-029,778,EVS360-010,2032-01-06,2032-01-06T11:30,2032-01-06T13:50,Moscow,Saint Petersburg,679,false
TRIP-000100,TURNOVER-030,705,EVS360-032,2032-01-06,2032-01-06T12:00,2032-01-06T14:10,Saint Petersburg,Moscow,679,false
TRIP-000101,TURNOVER-031,706,EVS360-011,2032-01-06,2032-01-06T12:00,2032-01-06T14:10,Moscow,Saint Petersburg,679,false
TRIP-000102,TURNOVER-032,714,EVS360-012,2032-01-06,2032-01-06T12:30,2032-01-06T14:50,Moscow,Saint Petersburg,679,false
TRIP-000103,TURNOVER-033,723,EVS360-033,2032-01-06,2032-01-06T12:30,2032-01-06T14:50,Saint Petersburg,Moscow,679,false
TRIP-000104,TURNOVER-034,748,EVS360-013,2032-01-06,2032-01-06T13:00,2032-01-06T15:20,Moscow,Saint Petersburg,679,false
TRIP-000105,TURNOVER-035,755,EVS360-034,2032-01-06,2032-01-06T13:00,2032-01-06T15:20,Saint Petersburg,Moscow,679,false
TRIP-000106,TURNOVER-036,784,EVS360-014,2032-01-06,2032-01-06T13:30,2032-01-06T15:50,Moscow,Saint Petersburg,679,false
TRIP-000107,TURNOVER-037,763,EVS360-035,2032-01-06,2032-01-06T14:00,2032-01-06T16:10,Saint Petersburg,Moscow,679,false
TRIP-000108,TURNOVER-038,766,EVS360-015,2032-01-06,2032-01-06T14:00,2032-01-06T16:10,Moscow,Saint Petersburg,679,false
TRIP-000109,TURNOVER-039,769,EVS360-036,2032-01-06,2032-01-06T14:30,2032-01-06T16:50,Saint Petersburg,Moscow,679,false
TRIP-000110,TURNOVER-040,776,EVS360-016,2032-01-06,2032-01-06T14:30,2032-01-06T16:50,Moscow,Saint Petersburg,679,false
TRIP-000111,TURNOVER-041,743,EVS360-037,2032-01-06,2032-01-06T15:00,2032-01-06T17:20,Saint Petersburg,Moscow,679,false
TRIP-000112,TURNOVER-042,752,EVS360-017,2032-01-06,2032-01-06T15:00,2032-01-06T17:20,Moscow,Saint Petersburg,679,false
TRIP-000113,TURNOVER-043,747,EVS360-038,2032-01-06,2032-01-06T16:00,2032-01-06T18:10,Saint Petersburg,Moscow,679,false
TRIP-000114,TURNOVER-044,756,EVS360-018,2032-01-06,2032-01-06T16:00,2032-01-06T18:10,Moscow,Saint Petersburg,679,false
TRIP-000115,TURNOVER-045,772,EVS360-019,2032-01-06,2032-01-06T16:30,2032-01-06T18:50,Moscow,Saint Petersburg,679,false
TRIP-000116,TURNOVER-046,775,EVS360-039,2032-01-06,2032-01-06T16:30,2032-01-06T18:50,Saint Petersburg,Moscow,679,false
TRIP-000117,TURNOVER-047,767,EVS360-001,2032-01-06,2032-01-06T17:00,2032-01-06T19:20,Saint Petersburg,Moscow,679,true
TRIP-000118,TURNOVER-048,764,EVS360-020,2032-01-06,2032-01-06T17:30,2032-01-06T19:50,Moscow,Saint Petersburg,679,false
TRIP-000119,TURNOVER-049,777,EVS360-002,2032-01-06,2032-01-06T17:30,2032-01-06T19:50,Saint Petersburg,Moscow,679,true
TRIP-000120,TURNOVER-050,708,EVS360-021,2032-01-06,2032-01-06T18:00,2032-01-06T20:10,Moscow,Saint Petersburg,679,true
TRIP-000121,TURNOVER-051,729,EVS360-003,2032-01-06,2032-01-06T18:00,2032-01-06T20:10,Saint Petersburg,Moscow,679,true
TRIP-000122,TURNOVER-052,720,EVS360-022,2032-01-06,2032-01-06T18:15,2032-01-06T20:35,Moscow,Saint Petersburg,679,true
TRIP-000123,TURNOVER-053,781,EVS360-004,2032-01-06,2032-01-06T18:15,2032-01-06T20:35,Saint Petersburg,Moscow,679,true
TRIP-000124,TURNOVER-054,711,EVS360-005,2032-01-06,2032-01-06T18:30,2032-01-06T20:50,Saint Petersburg,Moscow,679,true
TRIP-000125,TURNOVER-055,724,EVS360-023,2032-01-06,2032-01-06T18:30,2032-01-06T20:50,Moscow,Saint Petersburg,679,true
TRIP-000126,TURNOVER-056,733,EVS360-006,2032-01-06,2032-01-06T19:00,2032-01-06T21:20,Saint Petersburg,Moscow,679,true
TRIP-000127,TURNOVER-057,740,EVS360-024,2032-01-06,2032-01-06T19:00,2032-01-06T21:20,Moscow,Saint Petersburg,679,true
TRIP-000128,TURNOVER-058,779,EVS360-007,2032-01-06,2032-01-06T19:30,2032-01-06T21:50,Saint Petersburg,Moscow,679,true
TRIP-000129,TURNOVER-059,782,EVS360-025,2032-01-06,2032-01-06T19:30,2032-01-06T21:50,Moscow,Saint Petersburg,679,true
TRIP-000130,TURNOVER-060,759,EVS360-008,2032-01-06,2032-01-06T20:00,2032-01-06T22:10,Saint Petersburg,Moscow,679,true
TRIP-000131,TURNOVER-061,768,EVS360-026,2032-01-06,2032-01-06T20:00,2032-01-06T22:10,Moscow,Saint Petersburg,679,true
TRIP-000132,TURNOVER-062,744,EVS360-027,2032-01-06,2032-01-06T20:15,2032-01-06T22:35,Moscow,Saint Petersburg,679,true
TRIP-000133,TURNOVER-063,710,EVS360-028,2032-01-06,2032-01-06T20:30,2032-01-06T22:50,Moscow,Saint Petersburg,679,true
TRIP-000134,TURNOVER-064,751,EVS360-009,2032-01-06,2032-01-06T20:30,2032-01-06T22:50,Saint Petersburg,Moscow,679,true
TRIP-000135,TURNOVER-065,730,EVS360-029,2032-01-06,2032-01-06T21:00,2032-01-06T23:20,Moscow,Saint Petersburg,679,true
TRIP-000136,TURNOVER-066,771,EVS360-010,2032-01-06,2032-01-06T21:00,2032-01-06T23:20,Saint Petersburg,Moscow,679,true
TRIP-000137,TURNOVER-067,716,EVS360-030,2032-01-06,2032-01-06T21:30,2032-01-06T23:50,Moscow,Saint Petersburg,679,true
TRIP-000138,TURNOVER-068,725,EVS360-011,2032-01-06,2032-01-06T21:30,2032-01-06T23:50,Saint Petersburg,Moscow,679,true
TRIP-000139,TURNOVER-069,736,EVS360-031,2032-01-06,2032-01-06T22:00,2032-01-07T00:10,Moscow,Saint Petersburg,679,true
TRIP-000140,TURNOVER-070,739,EVS360-012,2032-01-06,2032-01-06T22:00,2032-01-07T00:10,Saint Petersburg,Moscow,679,true
TRIP-000141,TURNOVER-001,701,EVS360-013,2032-01-07,2032-01-07T06:00,2032-01-07T08:10,Saint Petersburg,Moscow,679,true
TRIP-000142,TURNOVER-002,702,EVS360-032,2032-01-07,2032-01-07T06:00,2032-01-07T08:10,Moscow,Saint Petersburg,679,true
TRIP-000143,TURNOVER-003,715,EVS360-014,2032-01-07,2032-01-07T06:15,2032-01-07T08:35,Saint Petersburg,Moscow,679,true
TRIP-000144,TURNOVER-004,726,EVS360-033,2032-01-07,2032-01-07T06:15,2032-01-07T08:35,Moscow,Saint Petersburg,679,true
TRIP-000145,TURNOVER-005,712,EVS360-034,2032-01-07,2032-01-07T06:30,2032-01-07T08:50,Moscow,Saint Petersburg,679,true
TRIP-000146,TURNOVER-006,721,EVS360-015,2032-01-07,2032-01-07T06:30,2032-01-07T08:50,Saint Petersburg,Moscow,679,true
TRIP-000147,TURNOVER-007,746,EVS360-035,2032-01-07,2032-01-07T07:00,2032-01-07T09:20,Moscow,Saint Petersburg,679,true
TRIP-000148,TURNOVER-008,753,EVS360-016,2032-01-07,2032-01-07T07:00,2032-01-07T09:20,Saint Petersburg,Moscow,679,true
TRIP-000149,TURNOVER-009,741,EVS360-017,2032-01-07,2032-01-07T07:15,2032-01-07T09:35,Saint Petersburg,Moscow,679,true
TRIP-000150,TURNOVER-010,735,EVS360-018,2032-01-07,2032-01-07T07:30,2032-01-07T09:50,Saint Petersburg,Moscow,679,true
TRIP-000151,TURNOVER-011,750,EVS360-036,2032-01-07,2032-01-07T07:30,2032-01-07T09:50,Moscow,Saint Petersburg,679,true
TRIP-000152,TURNOVER-012,758,EVS360-037,2032-01-07,2032-01-07T08:00,2032-01-07T10:10,Moscow,Saint Petersburg,679,true
TRIP-000153,TURNOVER-013,761,EVS360-019,2032-01-07,2032-01-07T08:00,2032-01-07T10:10,Saint Petersburg,Moscow,679,true
TRIP-000154,TURNOVER-014,773,EVS360-020,2032-01-07,2032-01-07T08:30,2032-01-07T10:50,Saint Petersburg,Moscow,679,true
TRIP-000155,TURNOVER-015,774,EVS360-038,2032-01-07,2032-01-07T08:30,2032-01-07T10:50,Moscow,Saint Petersburg,679,true
TRIP-000156,TURNOVER-016,703,EVS360-021,2032-01-07,2032-01-07T09:00,2032-01-07T11:20,Saint Petersburg,Moscow,679,false
TRIP-000157,TURNOVER-017,704,EVS360-039,2032-01-07,2032-01-07T09:00,2032-01-07T11:20,Moscow,Saint Petersburg,679,true
TRIP-000158,TURNOVER-018,722,EVS360-001,2032-01-07,2032-01-07T09:30,2032-01-07T11:50,Moscow,Saint Petersburg,679,false
TRIP-000159,TURNOVER-019,727,EVS360-022,2032-01-07,2032-01-07T09:30,2032-01-07T11:50,Saint Petersburg,Moscow,679,false
TRIP-000160,TURNOVER-020,745,EVS360-023,2032-01-07,2032-01-07T10:00,2032-01-07T12:10,Saint Petersburg,Moscow,679,false
TRIP-000161,TURNOVER-021,754,EVS360-002,2032-01-07,2032-01-07T10:00,2032-01-07T12:10,Moscow,Saint Petersburg,679,false
TRIP-000162,TURNOVER-022,713,EVS360-024,2032-01-07,2032-01-07T10:15,2032-01-07T12:35,Saint Petersburg,Moscow,679,false
TRIP-000163,TURNOVER-023,742,EVS360-003,2032-01-07,2032-01-07T10:15,2032-01-07T12:35,Moscow,Saint Petersburg,679,false
TRIP-000164,TURNOVER-024,718,EVS360-004,2032-01-07,2032-01-07T10:30,2032-01-07T12:50,Moscow,Saint Petersburg,679,false
TRIP-000165,TURNOVER-025,749,EVS360-025,2032-01-07,2032-01-07T10:30,2032-01-07T12:50,Saint Petersburg,Moscow,679,false
TRIP-000166,TURNOVER-026,757,EVS360-026,2032-01-07,2032-01-07T11:00,2032-01-07T13:20,Saint Petersburg,Moscow,679,false
TRIP-000167,TURNOVER-027,762,EVS360-005,2032-01-07,2032-01-07T11:00,2032-01-07T13:20,Moscow,Saint Petersburg,679,false
TRIP-000168,TURNOVER-028,707,EVS360-027,2032-01-07,2032-01-07T11:30,2032-01-07T13:50,Saint Petersburg,Moscow,679,false
TRIP-000169,TURNOVER-029,778,EVS360-006,2032-01-07,2032-01-07T11:30,2032-01-07T13:50,Moscow,Saint Petersburg,679,false
TRIP-000170,TURNOVER-030,705,EVS360-028,2032-01-07,2032-01-07T12:00,2032-01-07T14:10,Saint Petersburg,Moscow,679,false
TRIP-000171,TURNOVER-031,706,EVS360-007,2032-01-07,2032-01-07T12:00,2032-01-07T14:10,Moscow,Saint Petersburg,679,false
TRIP-000172,TURNOVER-032,714,EVS360-008,2032-01-07,2032-01-07T12:30,2032-01-07T14:50,Moscow,Saint Petersburg,679,false
TRIP-000173,TURNOVER-033,723,EVS360-029,2032-01-07,2032-01-07T12:30,2032-01-07T14:50,Saint Petersburg,Moscow,679,false
TRIP-000174,TURNOVER-034,748,EVS360-009,2032-01-07,2032-01-07T13:00,2032-01-07T15:20,Moscow,Saint Petersburg,679,false
TRIP-000175,TURNOVER-035,755,EVS360-030,2032-01-07,2032-01-07T13:00,2032-01-07T15:20,Saint Petersburg,Moscow,679,false
TRIP-000176,TURNOVER-036,784,EVS360-010,2032-01-07,2032-01-07T13:30,2032-01-07T15:50,Moscow,Saint Petersburg,679,false
TRIP-000177,TURNOVER-037,763,EVS360-031,2032-01-07,2032-01-07T14:00,2032-01-07T16:10,Saint Petersburg,Moscow,679,false
TRIP-000178,TURNOVER-038,766,EVS360-011,2032-01-07,2032-01-07T14:00,2032-01-07T16:10,Moscow,Saint Petersburg,679,false
TRIP-000179,TURNOVER-039,769,EVS360-032,2032-01-07,2032-01-07T14:30,2032-01-07T16:50,Saint Petersburg,Moscow,679,false
TRIP-000180,TURNOVER-040,776,EVS360-012,2032-01-07,2032-01-07T14:30,2032-01-07T16:50,Moscow,Saint Petersburg,679,false
TRIP-000181,TURNOVER-041,743,EVS360-033,2032-01-07,2032-01-07T15:00,2032-01-07T17:20,Saint Petersburg,Moscow,679,false
TRIP-000182,TURNOVER-042,752,EVS360-013,2032-01-07,2032-01-07T15:00,2032-01-07T17:20,Moscow,Saint Petersburg,679,false
TRIP-000183,TURNOVER-043,747,EVS360-034,2032-01-07,2032-01-07T16:00,2032-01-07T18:10,Saint Petersburg,Moscow,679,false
TRIP-000184,TURNOVER-044,756,EVS360-014,2032-01-07,2032-01-07T16:00,2032-01-07T18:10,Moscow,Saint Petersburg,679,false
TRIP-000185,TURNOVER-045,772,EVS360-015,2032-01-07,2032-01-07T16:30,2032-01-07T18:50,Moscow,Saint Petersburg,679,false
TRIP-000186,TURNOVER-046,775,EVS360-035,2032-01-07,2032-01-07T16:30,2032-01-07T18:50,Saint Petersburg,Moscow,679,false
TRIP-000187,TURNOVER-047,767,EVS360-036,2032-01-07,2032-01-07T17:00,2032-01-07T19:20,Saint Petersburg,Moscow,679,false
TRIP-000188,TURNOVER-048,764,EVS360-016,2032-01-07,2032-01-07T17:30,2032-01-07T19:50,Moscow,Saint Petersburg,679,false
TRIP-000189,TURNOVER-049,777,EVS360-037,2032-01-07,2032-01-07T17:30,2032-01-07T19:50,Saint Petersburg,Moscow,679,false
TRIP-000190,TURNOVER-050,708,EVS360-017,2032-01-07,2032-01-07T18:00,2032-01-07T20:10,Moscow,Saint Petersburg,679,false
TRIP-000191,TURNOVER-051,729,EVS360-038,2032-01-07,2032-01-07T18:00,2032-01-07T20:10,Saint Petersburg,Moscow,679,false
TRIP-000192,TURNOVER-052,720,EVS360-018,2032-01-07,2032-01-07T18:15,2032-01-07T20:35,Moscow,Saint Petersburg,679,false
TRIP-000193,TURNOVER-053,781,EVS360-039,2032-01-07,2032-01-07T18:15,2032-01-07T20:35,Saint Petersburg,Moscow,679,false
TRIP-000194,TURNOVER-054,711,EVS360-001,2032-01-07,2032-01-07T18:30,2032-01-07T20:50,Saint Petersburg,Moscow,679,false
TRIP-000195,TURNOVER-055,724,EVS360-019,2032-01-07,2032-01-07T18:30,2032-01-07T20:50,Moscow,Saint Petersburg,679,false
TRIP-000196,TURNOVER-056,733,EVS360-002,2032-01-07,2032-01-07T19:00,2032-01-07T21:20,Saint Petersburg,Moscow,679,false
TRIP-000197,TURNOVER-057,740,EVS360-020,2032-01-07,2032-01-07T19:00,2032-01-07T21:20,Moscow,Saint Petersburg,679,false
TRIP-000198,TURNOVER-058,779,EVS360-003,2032-01-07,2032-01-07T19:30,2032-01-07T21:50,Saint Petersburg,Moscow,679,false
TRIP-000199,TURNOVER-059,782,EVS360-021,2032-01-07,2032-01-07T19:30,2032-01-07T21:50,Moscow,Saint Petersburg,679,false
TRIP-000200,TURNOVER-060,759,EVS360-004,2032-01-07,2032-01-07T20:00,2032-01-07T22:10,Saint Petersburg,Moscow,679,false
TRIP-000201,TURNOVER-061,768,EVS360-022,2032-01-07,2032-01-07T20:00,2032-01-07T22:10,Moscow,Saint Petersburg,679,false
TRIP-000202,TURNOVER-062,744,EVS360-023,2032-01-07,2032-01-07T20:15,2032-01-07T22:35,Moscow,Saint Petersburg,679,false
TRIP-000203,TURNOVER-063,710,EVS360-024,2032-01-07,2032-01-07T20:30,2032-01-07T22:50,Moscow,Saint Petersburg,679,false
TRIP-000204,TURNOVER-064,751,EVS360-005,2032-01-07,2032-01-07T20:30,2032-01-07T22:50,Saint Petersburg,Moscow,679,false
TRIP-000205,TURNOVER-065,730,EVS360-025,2032-01-07,2032-01-07T21:00,2032-01-07T23:20,Moscow,Saint Petersburg,679,false
TRIP-000206,TURNOVER-066,771,EVS360-006,2032-01-07,2032-01-07T21:00,2032-01-07T23:20,Saint Petersburg,Moscow,679,false
TRIP-000207,TURNOVER-067,716,EVS360-026,2032-01-07,2032-01-07T21:30,2032-01-07T23:50,Moscow,Saint Petersburg,679,false
TRIP-000208,TURNOVER-068,725,EVS360-007,2032-01-07,2032-01-07T21:30,2032-01-07T23:50,Saint Petersburg,Moscow,679,false
TRIP-000209,TURNOVER-069,736,EVS360-027,2032-01-07,2032-01-07T22:00,2032-01-08T00:10,Moscow,Saint Petersburg,679,false
TRIP-000210,TURNOVER-070,739,EVS360-008,2032-01-07,2032-01-07T22:00,2032-01-08T00:10,Saint Petersburg,Moscow,679,false
TRIP-000211,TURNOVER-001,701,EVS360-009,2032-01-08,2032-01-08T06:00,2032-01-08T08:10,Saint Petersburg,Moscow,679,false
TRIP-000212,TURNOVER-002,702,EVS360-028,2032-01-08,2032-01-08T06:00,2032-01-08T08:10,Moscow,Saint Petersburg,679,false
TRIP-000213,TURNOVER-003,715,EVS360-010,2032-01-08,2032-01-08T06:15,2032-01-08T08:35,Saint Petersburg,Moscow,679,false
TRIP-000214,TURNOVER-004,726,EVS360-029,2032-01-08,2032-01-08T06:15,2032-01-08T08:35,Moscow,Saint Petersburg,679,false
TRIP-000215,TURNOVER-005,712,EVS360-030,2032-01-08,2032-01-08T06:30,2032-01-08T08:50,Moscow,Saint Petersburg,679,false
TRIP-000216,TURNOVER-006,721,EVS360-011,2032-01-08,2032-01-08T06:30,2032-01-08T08:50,Saint Petersburg,Moscow,679,false
TRIP-000217,TURNOVER-007,746,EVS360-031,2032-01-08,2032-01-08T07:00,2032-01-08T09:20,Moscow,Saint Petersburg,679,false
TRIP-000218,TURNOVER-008,753,EVS360-012,2032-01-08,2032-01-08T07:00,2032-01-08T09:20,Saint Petersburg,Moscow,679,false
TRIP-000219,TURNOVER-009,741,EVS360-013,2032-01-08,2032-01-08T07:15,2032-01-08T09:35,Saint Petersburg,Moscow,679,false
TRIP-000220,TURNOVER-010,735,EVS360-014,2032-01-08,2032-01-08T07:30,2032-01-08T09:50,Saint Petersburg,Moscow,679,false
TRIP-000221,TURNOVER-011,750,EVS360-032,2032-01-08,2032-01-08T07:30,2032-01-08T09:50,Moscow,Saint Petersburg,679,false
TRIP-000222,TURNOVER-012,758,EVS360-033,2032-01-08,2032-01-08T08:00,2032-01-08T10:10,Moscow,Saint Petersburg,679,false
TRIP-000223,TURNOVER-013,761,EVS360-015,2032-01-08,2032-01-08T08:00,2032-01-08T10:10,Saint Petersburg,Moscow,679,false
TRIP-000224,TURNOVER-014,773,EVS360-016,2032-01-08,2032-01-08T08:30,2032-01-08T10:50,Saint Petersburg,Moscow,679,false
TRIP-000225,TURNOVER-015,774,EVS360-034,2032-01-08,2032-01-08T08:30,2032-01-08T10:50,Moscow,Saint Petersburg,679,false
TRIP-000226,TURNOVER-016,703,EVS360-017,2032-01-08,2032-01-08T09:00,2032-01-08T11:20,Saint Petersburg,Moscow,679,false
TRIP-000227,TURNOVER-017,704,EVS360-035,2032-01-08,2032-01-08T09:00,2032-01-08T11:20,Moscow,Saint Petersburg,679,false
TRIP-000228,TURNOVER-018,722,EVS360-036,2032-01-08,2032-01-08T09:30,2032-01-08T11:50,Moscow,Saint Petersburg,679,false
TRIP-000229,TURNOVER-019,727,EVS360-018,2032-01-08,2032-01-08T09:30,2032-01-08T11:50,Saint Petersburg,Moscow,679,false
TRIP-000230,TURNOVER-020,745,EVS360-019,2032-01-08,2032-01-08T10:00,2032-01-08T12:10,Saint Petersburg,Moscow,679,false
TRIP-000231,TURNOVER-021,754,EVS360-037,2032-01-08,2032-01-08T10:00,2032-01-08T12:10,Moscow,Saint Petersburg,679,false
TRIP-000232,TURNOVER-022,713,EVS360-020,2032-01-08,2032-01-08T10:15,2032-01-08T12:35,Saint Petersburg,Moscow,679,false
TRIP-000233,TURNOVER-023,742,EVS360-038,2032-01-08,2032-01-08T10:15,2032-01-08T12:35,Moscow,Saint Petersburg,679,false
TRIP-000234,TURNOVER-024,718,EVS360-039,2032-01-08,2032-01-08T10:30,2032-01-08T12:50,Moscow,Saint Petersburg,679,false
TRIP-000235,TURNOVER-025,749,EVS360-021,2032-01-08,2032-01-08T10:30,2032-01-08T12:50,Saint Petersburg,Moscow,679,false
TRIP-000236,TURNOVER-026,757,EVS360-022,2032-01-08,2032-01-08T11:00,2032-01-08T13:20,Saint Petersburg,Moscow,679,false
TRIP-000237,TURNOVER-027,762,EVS360-001,2032-01-08,2032-01-08T11:00,2032-01-08T13:20,Moscow,Saint Petersburg,679,false
TRIP-000238,TURNOVER-028,707,EVS360-023,2032-01-08,2032-01-08T11:30,2032-01-08T13:50,Saint Petersburg,Moscow,679,false
TRIP-000239,TURNOVER-029,778,EVS360-002,2032-01-08,2032-01-08T11:30,2032-01-08T13:50,Moscow,Saint Petersburg,679,false
TRIP-000240,TURNOVER-030,705,EVS360-024,2032-01-08,2032-01-08T12:00,2032-01-08T14:10,Saint Petersburg,Moscow,679,false
TRIP-000241,TURNOVER-031,706,EVS360-003,2032-01-08,2032-01-08T12:00,2032-01-08T14:10,Moscow,Saint Petersburg,679,false
TRIP-000242,TURNOVER-032,714,EVS360-004,2032-01-08,2032-01-08T12:30,2032-01-08T14:50,Moscow,Saint Petersburg,679,false
TRIP-000243,TURNOVER-033,723,EVS360-025,2032-01-08,2032-01-08T12:30,2032-01-08T14:50,Saint Petersburg,Moscow,679,false
TRIP-000244,TURNOVER-034,748,EVS360-005,2032-01-08,2032-01-08T13:00,2032-01-08T15:20,Moscow,Saint Petersburg,679,false
TRIP-000245,TURNOVER-035,755,EVS360-026,2032-01-08,2032-01-08T13:00,2032-01-08T15:20,Saint Petersburg,Moscow,679,false
TRIP-000246,TURNOVER-036,784,EVS360-006,2032-01-08,2032-01-08T13:30,2032-01-08T15:50,Moscow,Saint Petersburg,679,false
TRIP-000247,TURNOVER-037,763,EVS360-027,2032-01-08,2032-01-08T14:00,2032-01-08T16:10,Saint Petersburg,Moscow,679,false
TRIP-000248,TURNOVER-038,766,EVS360-007,2032-01-08,2032-01-08T14:00,2032-01-08T16:10,Moscow,Saint Petersburg,679,false
TRIP-000249,TURNOVER-039,769,EVS360-028,2032-01-08,2032-01-08T14:30,2032-01-08T16:50,Saint Petersburg,Moscow,679,false
TRIP-000250,TURNOVER-040,776,EVS360-008,2032-01-08,2032-01-08T14:30,2032-01-08T16:50,Moscow,Saint Petersburg,679,false
TRIP-000251,TURNOVER-041,743,EVS360-029,2032-01-08,2032-01-08T15:00,2032-01-08T17:20,Saint Petersburg,Moscow,679,false
TRIP-000252,TURNOVER-042,752,EVS360-009,2032-01-08,2032-01-08T15:00,2032-01-08T17:20,Moscow,Saint Petersburg,679,false
TRIP-000253,TURNOVER-043,747,EVS360-030,2032-01-08,2032-01-08T16:00,2032-01-08T18:10,Saint Petersburg,Moscow,679,false
TRIP-000254,TURNOVER-044,756,EVS360-010,2032-01-08,2032-01-08T16:00,2032-01-08T18:10,Moscow,Saint Petersburg,679,false
TRIP-000255,TURNOVER-045,772,EVS360-011,2032-01-08,2032-01-08T16:30,2032-01-08T18:50,Moscow,Saint Petersburg,679,false
TRIP-000256,TURNOVER-046,775,EVS360-031,2032-01-08,2032-01-08T16:30,2032-01-08T18:50,Saint Petersburg,Moscow,679,false
TRIP-000257,TURNOVER-047,767,EVS360-032,2032-01-08,2032-01-08T17:00,2032-01-08T19:20,Saint Petersburg,Moscow,679,false
TRIP-000258,TURNOVER-048,764,EVS360-012,2032-01-08,2032-01-08T17:30,2032-01-08T19:50,Moscow,Saint Petersburg,679,false
TRIP-000259,TURNOVER-049,777,EVS360-033,2032-01-08,2032-01-08T17:30,2032-01-08T19:50,Saint Petersburg,Moscow,679,false
TRIP-000260,TURNOVER-050,708,EVS360-013,2032-01-08,2032-01-08T18:00,2032-01-08T20:10,Moscow,Saint Petersburg,679,false
TRIP-000261,TURNOVER-051,729,EVS360-034,2032-01-08,2032-01-08T18:00,2032-01-08T20:10,Saint Petersburg,Moscow,679,false
TRIP-000262,TURNOVER-052,720,EVS360-014,2032-01-08,2032-01-08T18:15,2032-01-08T20:35,Moscow,Saint Petersburg,679,false
TRIP-000263,TURNOVER-053,781,EVS360-035,2032-01-08,2032-01-08T18:15,2032-01-08T20:35,Saint Petersburg,Moscow,679,false
TRIP-000264,TURNOVER-054,711,EVS360-036,2032-01-08,2032-01-08T18:30,2032-01-08T20:50,Saint Petersburg,Moscow,679,false
TRIP-000265,TURNOVER-055,724,EVS360-015,2032-01-08,2032-01-08T18:30,2032-01-08T20:50,Moscow,Saint Petersburg,679,false
TRIP-000266,TURNOVER-056,733,EVS360-037,2032-01-08,2032-01-08T19:00,2032-01-08T21:20,Saint Petersburg,Moscow,679,false
TRIP-000267,TURNOVER-057,740,EVS360-016,2032-01-08,2032-01-08T19:00,2032-01-08T21:20,Moscow,Saint Petersburg,679,false
TRIP-000268,TURNOVER-058,779,EVS360-038,2032-01-08,2032-01-08T19:30,2032-01-08T21:50,Saint Petersburg,Moscow,679,false
TRIP-000269,TURNOVER-059,782,EVS360-017,2032-01-08,2032-01-08T19:30,2032-01-08T21:50,Moscow,Saint Petersburg,679,false
TRIP-000270,TURNOVER-060,759,EVS360-039,2032-01-08,2032-01-08T20:00,2032-01-08T22:10,Saint Petersburg,Moscow,679,false
TRIP-000271,TURNOVER-061,768,EVS360-018,2032-01-08,2032-01-08T20:00,2032-01-08T22:10,Moscow,Saint Petersburg,679,false
TRIP-000272,TURNOVER-062,744,EVS360-019,2032-01-08,2032-01-08T20:15,2032-01-08T22:35,Moscow,Saint Petersburg,679,false
TRIP-000273,TURNOVER-063,710,EVS360-020,2032-01-08,2032-01-08T20:30,2032-01-08T22:50,Moscow,Saint Petersburg,679,false
TRIP-000274,TURNOVER-064,751,EVS360-001,2032-01-08,2032-01-08T20:30,2032-01-08T22:50,Saint Petersburg,Moscow,679,true
TRIP-000275,TURNOVER-065,730,EVS360-021,2032-01-08,2032-01-08T21:00,2032-01-08T23:20,Moscow,Saint Petersburg,679,true
TRIP-000276,TURNOVER-066,771,EVS360-002,2032-01-08,2032-01-08T21:00,2032-01-08T23:20,Saint Petersburg,Moscow,679,true
TRIP-000277,TURNOVER-067,716,EVS360-022,2032-01-08,2032-01-08T21:30,2032-01-08T23:50,Moscow,Saint Petersburg,679,true
TRIP-000278,TURNOVER-068,725,EVS360-003,2032-01-08,2032-01-08T21:30,2032-01-08T23:50,Saint Petersburg,Moscow,679,true
TRIP-000279,TURNOVER-069,736,EVS360-023,2032-01-08,2032-01-08T22:00,2032-01-09T00:10,Moscow,Saint Petersburg,679,true
TRIP-000280,TURNOVER-070,739,EVS360-004,2032-01-08,2032-01-08T22:00,2032-01-09T00:10,Saint Petersburg,Moscow,679,true
TRIP-000281,TURNOVER-001,701,EVS360-005,2032-01-09,2032-01-09T06:00,2032-01-09T08:10,Saint Petersburg,Moscow,679,true
TRIP-000282,TURNOVER-002,702,EVS360-024,2032-01-09,2032-01-09T06:00,2032-01-09T08:10,Moscow,Saint Petersburg,679,true
TRIP-000283,TURNOVER-003,715,EVS360-006,2032-01-09,2032-01-09T06:15,2032-01-09T08:35,Saint Petersburg,Moscow,679,true
TRIP-000284,TURNOVER-004,726,EVS360-025,2032-01-09,2032-01-09T06:15,2032-01-09T08:35,Moscow,Saint Petersburg,679,true
TRIP-000285,TURNOVER-005,712,EVS360-026,2032-01-09,2032-01-09T06:30,2032-01-09T08:50,Moscow,Saint Petersburg,679,true
TRIP-000286,TURNOVER-006,721,EVS360-007,2032-01-09,2032-01-09T06:30,2032-01-09T08:50,Saint Petersburg,Moscow,679,true
TRIP-000287,TURNOVER-007,746,EVS360-027,2032-01-09,2032-01-09T07:00,2032-01-09T09:20,Moscow,Saint Petersburg,679,true
TRIP-000288,TURNOVER-008,753,EVS360-008,2032-01-09,2032-01-09T07:00,2032-01-09T09:20,Saint Petersburg,Moscow,679,true
TRIP-000289,TURNOVER-009,741,EVS360-009,2032-01-09,2032-01-09T07:15,2032-01-09T09:35,Saint Petersburg,Moscow,679,true
TRIP-000290,TURNOVER-010,735,EVS360-010,2032-01-09,2032-01-09T07:30,2032-01-09T09:50,Saint Petersburg,Moscow,679,true
TRIP-000291,TURNOVER-011,750,EVS360-028,2032-01-09,2032-01-09T07:30,2032-01-09T09:50,Moscow,Saint Petersburg,679,true
TRIP-000292,TURNOVER-012,758,EVS360-029,2032-01-09,2032-01-09T08:00,2032-01-09T10:10,Moscow,Saint Petersburg,679,true
TRIP-000293,TURNOVER-013,761,EVS360-011,2032-01-09,2032-01-09T08:00,2032-01-09T10:10,Saint Petersburg,Moscow,679,true
TRIP-000294,TURNOVER-014,773,EVS360-012,2032-01-09,2032-01-09T08:30,2032-01-09T10:50,Saint Petersburg,Moscow,679,true
TRIP-000295,TURNOVER-015,774,EVS360-030,2032-01-09,2032-01-09T08:30,2032-01-09T10:50,Moscow,Saint Petersburg,679,true
TRIP-000296,TURNOVER-016,703,EVS360-013,2032-01-09,2032-01-09T09:00,2032-01-09T11:20,Saint Petersburg,Moscow,679,true
TRIP-000297,TURNOVER-017,704,EVS360-031,2032-01-09,2032-01-09T09:00,2032-01-09T11:20,Moscow,Saint Petersburg,679,true
TRIP-000298,TURNOVER-018,722,EVS360-032,2032-01-09,2032-01-09T09:30,2032-01-09T11:50,Moscow,Saint Petersburg,679,true
TRIP-000299,TURNOVER-019,727,EVS360-014,2032-01-09,2032-01-09T09:30,2032-01-09T11:50,Saint Petersburg,Moscow,679,true
TRIP-000300,TURNOVER-020,745,EVS360-015,2032-01-09,2032-01-09T10:00,2032-01-09T12:10,Saint Petersburg,Moscow,679,true
TRIP-000301,TURNOVER-021,754,EVS360-033,2032-01-09,2032-01-09T10:00,2032-01-09T12:10,Moscow,Saint Petersburg,679,true
TRIP-000302,TURNOVER-022,713,EVS360-016,2032-01-09,2032-01-09T10:15,2032-01-09T12:35,Saint Petersburg,Moscow,679,true
TRIP-000303,TURNOVER-023,742,EVS360-034,2032-01-09,2032-01-09T10:15,2032-01-09T12:35,Moscow,Saint Petersburg,679,true
TRIP-000304,TURNOVER-024,718,EVS360-035,2032-01-09,2032-01-09T10:30,2032-01-09T12:50,Moscow,Saint Petersburg,679,true
TRIP-000305,TURNOVER-025,749,EVS360-017,2032-01-09,2032-01-09T10:30,2032-01-09T12:50,Saint Petersburg,Moscow,679,true
TRIP-000306,TURNOVER-026,757,EVS360-018,2032-01-09,2032-01-09T11:00,2032-01-09T13:20,Saint Petersburg,Moscow,679,true
TRIP-000307,TURNOVER-027,762,EVS360-036,2032-01-09,2032-01-09T11:00,2032-01-09T13:20,Moscow,Saint Petersburg,679,true
TRIP-000308,TURNOVER-028,707,EVS360-019,2032-01-09,2032-01-09T11:30,2032-01-09T13:50,Saint Petersburg,Moscow,679,true
TRIP-000309,TURNOVER-029,778,EVS360-037,2032-01-09,2032-01-09T11:30,2032-01-09T13:50,Moscow,Saint Petersburg,679,true
TRIP-000310,TURNOVER-030,705,EVS360-020,2032-01-09,2032-01-09T12:00,2032-01-09T14:10,Saint Petersburg,Moscow,679,true
TRIP-000311,TURNOVER-031,706,EVS360-038,2032-01-09,2032-01-09T12:00,2032-01-09T14:10,Moscow,Saint Petersburg,679,true
TRIP-000312,TURNOVER-032,714,EVS360-039,2032-01-09,2032-01-09T12:30,2032-01-09T14:50,Moscow,Saint Petersburg,679,true
TRIP-000313,TURNOVER-033,723,EVS360-021,2032-01-09,2032-01-09T12:30,2032-01-09T14:50,Saint Petersburg,Moscow,679,false
TRIP-000314,TURNOVER-034,748,EVS360-001,2032-01-09,2032-01-09T13:00,2032-01-09T15:20,Moscow,Saint Petersburg,679,false
TRIP-000315,TURNOVER-035,755,EVS360-022,2032-01-09,2032-01-09T13:00,2032-01-09T15:20,Saint Petersburg,Moscow,679,false
TRIP-000316,TURNOVER-036,784,EVS360-002,2032-01-09,2032-01-09T13:30,2032-01-09T15:50,Moscow,Saint Petersburg,679,false
TRIP-000317,TURNOVER-037,763,EVS360-023,2032-01-09,2032-01-09T14:00,2032-01-09T16:10,Saint Petersburg,Moscow,679,false
TRIP-000318,TURNOVER-038,766,EVS360-003,2032-01-09,2032-01-09T14:00,2032-01-09T16:10,Moscow,Saint Petersburg,679,false
TRIP-000319,TURNOVER-039,769,EVS360-024,2032-01-09,2032-01-09T14:30,2032-01-09T16:50,Saint Petersburg,Moscow,679,false
TRIP-000320,TURNOVER-040,776,EVS360-004,2032-01-09,2032-01-09T14:30,2032-01-09T16:50,Moscow,Saint Petersburg,679,false
TRIP-000321,TURNOVER-041,743,EVS360-025,2032-01-09,2032-01-09T15:00,2032-01-09T17:20,Saint Petersburg,Moscow,679,false
TRIP-000322,TURNOVER-042,752,EVS360-005,2032-01-09,2032-01-09T15:00,2032-01-09T17:20,Moscow,Saint Petersburg,679,false
TRIP-000323,TURNOVER-043,747,EVS360-026,2032-01-09,2032-01-09T16:00,2032-01-09T18:10,Saint Petersburg,Moscow,679,false
TRIP-000324,TURNOVER-044,756,EVS360-006,2032-01-09,2032-01-09T16:00,2032-01-09T18:10,Moscow,Saint Petersburg,679,false
TRIP-000325,TURNOVER-045,772,EVS360-007,2032-01-09,2032-01-09T16:30,2032-01-09T18:50,Moscow,Saint Petersburg,679,false
TRIP-000326,TURNOVER-046,775,EVS360-027,2032-01-09,2032-01-09T16:30,2032-01-09T18:50,Saint Petersburg,Moscow,679,false
TRIP-000327,TURNOVER-047,767,EVS360-028,2032-01-09,2032-01-09T17:00,2032-01-09T19:20,Saint Petersburg,Moscow,679,false
TRIP-000328,TURNOVER-048,764,EVS360-008,2032-01-09,2032-01-09T17:30,2032-01-09T19:50,Moscow,Saint Petersburg,679,false
TRIP-000329,TURNOVER-049,777,EVS360-029,2032-01-09,2032-01-09T17:30,2032-01-09T19:50,Saint Petersburg,Moscow,679,false
TRIP-000330,TURNOVER-050,708,EVS360-009,2032-01-09,2032-01-09T18:00,2032-01-09T20:10,Moscow,Saint Petersburg,679,false
TRIP-000331,TURNOVER-051,729,EVS360-030,2032-01-09,2032-01-09T18:00,2032-01-09T20:10,Saint Petersburg,Moscow,679,false
TRIP-000332,TURNOVER-052,720,EVS360-010,2032-01-09,2032-01-09T18:15,2032-01-09T20:35,Moscow,Saint Petersburg,679,false
TRIP-000333,TURNOVER-053,781,EVS360-031,2032-01-09,2032-01-09T18:15,2032-01-09T20:35,Saint Petersburg,Moscow,679,false
TRIP-000334,TURNOVER-054,711,EVS360-032,2032-01-09,2032-01-09T18:30,2032-01-09T20:50,Saint Petersburg,Moscow,679,false
TRIP-000335,TURNOVER-055,724,EVS360-011,2032-01-09,2032-01-09T18:30,2032-01-09T20:50,Moscow,Saint Petersburg,679,false
TRIP-000336,TURNOVER-056,733,EVS360-033,2032-01-09,2032-01-09T19:00,2032-01-09T21:20,Saint Petersburg,Moscow,679,false
TRIP-000337,TURNOVER-057,740,EVS360-012,2032-01-09,2032-01-09T19:00,2032-01-09T21:20,Moscow,Saint Petersburg,679,false
TRIP-000338,TURNOVER-058,779,EVS360-034,2032-01-09,2032-01-09T19:30,2032-01-09T21:50,Saint Petersburg,Moscow,679,false
TRIP-000339,TURNOVER-059,782,EVS360-013,2032-01-09,2032-01-09T19:30,2032-01-09T21:50,Moscow,Saint Petersburg,679,false
TRIP-000340,TURNOVER-060,759,EVS360-035,2032-01-09,2032-01-09T20:00,2032-01-09T22:10,Saint Petersburg,Moscow,679,false
TRIP-000341,TURNOVER-061,768,EVS360-014,2032-01-09,2032-01-09T20:00,2032-01-09T22:10,Moscow,Saint Petersburg,679,false
TRIP-000342,TURNOVER-062,744,EVS360-015,2032-01-09,2032-01-09T20:15,2032-01-09T22:35,Moscow,Saint Petersburg,679,false
TRIP-000343,TURNOVER-063,710,EVS360-016,2032-01-09,2032-01-09T20:30,2032-01-09T22:50,Moscow,Saint Petersburg,679,false
TRIP-000344,TURNOVER-064,751,EVS360-036,2032-01-09,2032-01-09T20:30,2032-01-09T22:50,Saint Petersburg,Moscow,679,false
TRIP-000345,TURNOVER-065,730,EVS360-017,2032-01-09,2032-01-09T21:00,2032-01-09T23:20,Moscow,Saint Petersburg,679,false
TRIP-000346,TURNOVER-066,771,EVS360-037,2032-01-09,2032-01-09T21:00,2032-01-09T23:20,Saint Petersburg,Moscow,679,false
TRIP-000347,TURNOVER-067,716,EVS360-018,2032-01-09,2032-01-09T21:30,2032-01-09T23:50,Moscow,Saint Petersburg,679,false
TRIP-000348,TURNOVER-068,725,EVS360-038,2032-01-09,2032-01-09T21:30,2032-01-09T23:50,Saint Petersburg,Moscow,679,false
TRIP-000349,TURNOVER-069,736,EVS360-019,2032-01-09,2032-01-09T22:00,2032-01-10T00:10,Moscow,Saint Petersburg,679,false
TRIP-000350,TURNOVER-070,739,EVS360-039,2032-01-09,2032-01-09T22:00,2032-01-10T00:10,Saint Petersburg,Moscow,679,false
TRIP-000351,TURNOVER-001,701,EVS360-001,2032-01-10,2032-01-10T06:00,2032-01-10T08:10,Saint Petersburg,Moscow,679,false
TRIP-000352,TURNOVER-002,702,EVS360-020,2032-01-10,2032-01-10T06:00,2032-01-10T08:10,Moscow,Saint Petersburg,679,false
TRIP-000353,TURNOVER-003,715,EVS360-002,2032-01-10,2032-01-10T06:15,2032-01-10T08:35,Saint Petersburg,Moscow,679,false
TRIP-000354,TURNOVER-004,726,EVS360-021,2032-01-10,2032-01-10T06:15,2032-01-10T08:35,Moscow,Saint Petersburg,679,false
TRIP-000355,TURNOVER-005,712,EVS360-022,2032-01-10,2032-01-10T06:30,2032-01-10T08:50,Moscow,Saint Petersburg,679,false
TRIP-000356,TURNOVER-006,721,EVS360-003,2032-01-10,2032-01-10T06:30,2032-01-10T08:50,Saint Petersburg,Moscow,679,false
TRIP-000357,TURNOVER-007,746,EVS360-023,2032-01-10,2032-01-10T07:00,2032-01-10T09:20,Moscow,Saint Petersburg,679,false
TRIP-000358,TURNOVER-008,753,EVS360-004,2032-01-10,2032-01-10T07:00,2032-01-10T09:20,Saint Petersburg,Moscow,679,false
TRIP-000359,TURNOVER-009,741,EVS360-005,2032-01-10,2032-01-10T07:15,2032-01-10T09:35,Saint Petersburg,Moscow,679,false
TRIP-000360,TURNOVER-010,735,EVS360-006,2032-01-10,2032-01-10T07:30,2032-01-10T09:50,Saint Petersburg,Moscow,679,false
TRIP-000361,TURNOVER-011,750,EVS360-024,2032-01-10,2032-01-10T07:30,2032-01-10T09:50,Moscow,Saint Petersburg,679,false
TRIP-000362,TURNOVER-012,758,EVS360-025,2032-01-10,2032-01-10T08:00,2032-01-10T10:10,Moscow,Saint Petersburg,679,false
TRIP-000363,TURNOVER-013,761,EVS360-007,2032-01-10,2032-01-10T08:00,2032-01-10T10:10,Saint Petersburg,Moscow,679,false
TRIP-000364,TURNOVER-014,773,EVS360-008,2032-01-10,2032-01-10T08:30,2032-01-10T10:50,Saint Petersburg,Moscow,679,false
TRIP-000365,TURNOVER-015,774,EVS360-026,2032-01-10,2032-01-10T08:30,2032-01-10T10:50,Moscow,Saint Petersburg,679,false
TRIP-000366,TURNOVER-016,703,EVS360-009,2032-01-10,2032-01-10T09:00,2032-01-10T11:20,Saint Petersburg,Moscow,679,false
TRIP-000367,TURNOVER-017,704,EVS360-027,2032-01-10,2032-01-10T09:00,2032-01-10T11:20,Moscow,Saint Petersburg,679,false
TRIP-000368,TURNOVER-018,722,EVS360-028,2032-01-10,2032-01-10T09:30,2032-01-10T11:50,Moscow,Saint Petersburg,679,false
TRIP-000369,TURNOVER-019,727,EVS360-010,2032-01-10,2032-01-10T09:30,2032-01-10T11:50,Saint Petersburg,Moscow,679,false
TRIP-000370,TURNOVER-020,745,EVS360-011,2032-01-10,2032-01-10T10:00,2032-01-10T12:10,Saint Petersburg,Moscow,679,false
TRIP-000371,TURNOVER-021,754,EVS360-029,2032-01-10,2032-01-10T10:00,2032-01-10T12:10,Moscow,Saint Petersburg,679,false
TRIP-000372,TURNOVER-022,713,EVS360-012,2032-01-10,2032-01-10T10:15,2032-01-10T12:35,Saint Petersburg,Moscow,679,false
TRIP-000373,TURNOVER-023,742,EVS360-030,2032-01-10,2032-01-10T10:15,2032-01-10T12:35,Moscow,Saint Petersburg,679,false
TRIP-000374,TURNOVER-024,718,EVS360-031,2032-01-10,2032-01-10T10:30,2032-01-10T12:50,Moscow,Saint Petersburg,679,false
TRIP-000375,TURNOVER-025,749,EVS360-013,2032-01-10,2032-01-10T10:30,2032-01-10T12:50,Saint Petersburg,Moscow,679,false
TRIP-000376,TURNOVER-026,757,EVS360-014,2032-01-10,2032-01-10T11:00,2032-01-10T13:20,Saint Petersburg,Moscow,679,false
TRIP-000377,TURNOVER-027,762,EVS360-032,2032-01-10,2032-01-10T11:00,2032-01-10T13:20,Moscow,Saint Petersburg,679,false
TRIP-000378,TURNOVER-028,707,EVS360-015,2032-01-10,2032-01-10T11:30,2032-01-10T13:50,Saint Petersburg,Moscow,679,false
TRIP-000379,TURNOVER-029,778,EVS360-033,2032-01-10,2032-01-10T11:30,2032-01-10T13:50,Moscow,Saint Petersburg,679,false
TRIP-000380,TURNOVER-030,705,EVS360-016,2032-01-10,2032-01-10T12:00,2032-01-10T14:10,Saint Petersburg,Moscow,679,false
TRIP-000381,TURNOVER-031,706,EVS360-034,2032-01-10,2032-01-10T12:00,2032-01-10T14:10,Moscow,Saint Petersburg,679,false
TRIP-000382,TURNOVER-032,714,EVS360-035,2032-01-10,2032-01-10T12:30,2032-01-10T14:50,Moscow,Saint Petersburg,679,false
TRIP-000383,TURNOVER-033,723,EVS360-017,2032-01-10,2032-01-10T12:30,2032-01-10T14:50,Saint Petersburg,Moscow,679,false
TRIP-000384,TURNOVER-034,748,EVS360-036,2032-01-10,2032-01-10T13:00,2032-01-10T15:20,Moscow,Saint Petersburg,679,false
TRIP-000385,TURNOVER-035,755,EVS360-018,2032-01-10,2032-01-10T13:00,2032-01-10T15:20,Saint Petersburg,Moscow,679,false
TRIP-000386,TURNOVER-036,784,EVS360-037,2032-01-10,2032-01-10T13:30,2032-01-10T15:50,Moscow,Saint Petersburg,679,false
TRIP-000387,TURNOVER-037,763,EVS360-019,2032-01-10,2032-01-10T14:00,2032-01-10T16:10,Saint Petersburg,Moscow,679,false
TRIP-000388,TURNOVER-038,766,EVS360-038,2032-01-10,2032-01-10T14:00,2032-01-10T16:10,Moscow,Saint Petersburg,679,false
TRIP-000389,TURNOVER-039,769,EVS360-020,2032-01-10,2032-01-10T14:30,2032-01-10T16:50,Saint Petersburg,Moscow,679,false
TRIP-000390,TURNOVER-040,776,EVS360-039,2032-01-10,2032-01-10T14:30,2032-01-10T16:50,Moscow,Saint Petersburg,679,false
TRIP-000391,TURNOVER-041,743,EVS360-021,2032-01-10,2032-01-10T15:00,2032-01-10T17:20,Saint Petersburg,Moscow,679,false
TRIP-000392,TURNOVER-042,752,EVS360-001,2032-01-10,2032-01-10T15:00,2032-01-10T17:20,Moscow,Saint Petersburg,679,false
TRIP-000393,TURNOVER-043,747,EVS360-022,2032-01-10,2032-01-10T16:00,2032-01-10T18:10,Saint Petersburg,Moscow,679,false
TRIP-000394,TURNOVER-044,756,EVS360-002,2032-01-10,2032-01-10T16:00,2032-01-10T18:10,Moscow,Saint Petersburg,679,false
TRIP-000395,TURNOVER-045,772,EVS360-003,2032-01-10,2032-01-10T16:30,2032-01-10T18:50,Moscow,Saint Petersburg,679,false
TRIP-000396,TURNOVER-046,775,EVS360-023,2032-01-10,2032-01-10T16:30,2032-01-10T18:50,Saint Petersburg,Moscow,679,false
TRIP-000397,TURNOVER-047,767,EVS360-024,2032-01-10,2032-01-10T17:00,2032-01-10T19:20,Saint Petersburg,Moscow,679,false
TRIP-000398,TURNOVER-048,764,EVS360-004,2032-01-10,2032-01-10T17:30,2032-01-10T19:50,Moscow,Saint Petersburg,679,false
TRIP-000399,TURNOVER-049,777,EVS360-025,2032-01-10,2032-01-10T17:30,2032-01-10T19:50,Saint Petersburg,Moscow,679,false
TRIP-000400,TURNOVER-050,708,EVS360-005,2032-01-10,2032-01-10T18:00,2032-01-10T20:10,Moscow,Saint Petersburg,679,false
TRIP-000401,TURNOVER-051,729,EVS360-026,2032-01-10,2032-01-10T18:00,2032-01-10T20:10,Saint Petersburg,Moscow,679,false
TRIP-000402,TURNOVER-052,720,EVS360-006,2032-01-10,2032-01-10T18:15,2032-01-10T20:35,Moscow,Saint Petersburg,679,false
TRIP-000403,TURNOVER-053,781,EVS360-027,2032-01-10,2032-01-10T18:15,2032-01-10T20:35,Saint Petersburg,Moscow,679,false
TRIP-000404,TURNOVER-054,711,EVS360-028,2032-01-10,2032-01-10T18:30,2032-01-10T20:50,Saint Petersburg,Moscow,679,false
TRIP-000405,TURNOVER-055,724,EVS360-007,2032-01-10,2032-01-10T18:30,2032-01-10T20:50,Moscow,Saint Petersburg,679,false
TRIP-000406,TURNOVER-056,733,EVS360-029,2032-01-10,2032-01-10T19:00,2032-01-10T21:20,Saint Petersburg,Moscow,679,false
TRIP-000407,TURNOVER-057,740,EVS360-008,2032-01-10,2032-01-10T19:00,2032-01-10T21:20,Moscow,Saint Petersburg,679,false
TRIP-000408,TURNOVER-058,779,EVS360-030,2032-01-10,2032-01-10T19:30,2032-01-10T21:50,Saint Petersburg,Moscow,679,false
TRIP-000409,TURNOVER-059,782,EVS360-009,2032-01-10,2032-01-10T19:30,2032-01-10T21:50,Moscow,Saint Petersburg,679,false
TRIP-000410,TURNOVER-060,759,EVS360-031,2032-01-10,2032-01-10T20:00,2032-01-10T22:10,Saint Petersburg,Moscow,679,false
TRIP-000411,TURNOVER-061,768,EVS360-010,2032-01-10,2032-01-10T20:00,2032-01-10T22:10,Moscow,Saint Petersburg,679,false
TRIP-000412,TURNOVER-062,744,EVS360-011,2032-01-10,2032-01-10T20:15,2032-01-10T22:35,Moscow,Saint Petersburg,679,false
TRIP-000413,TURNOVER-063,710,EVS360-012,2032-01-10,2032-01-10T20:30,2032-01-10T22:50,Moscow,Saint Petersburg,679,false
TRIP-000414,TURNOVER-064,751,EVS360-032,2032-01-10,2032-01-10T20:30,2032-01-10T22:50,Saint Petersburg,Moscow,679,false
TRIP-000415,TURNOVER-065,730,EVS360-013,2032-01-10,2032-01-10T21:00,2032-01-10T23:20,Moscow,Saint Petersburg,679,false
TRIP-000416,TURNOVER-066,771,EVS360-033,2032-01-10,2032-01-10T21:00,2032-01-10T23:20,Saint Petersburg,Moscow,679,false
TRIP-000417,TURNOVER-067,716,EVS360-014,2032-01-10,2032-01-10T21:30,2032-01-10T23:50,Moscow,Saint Petersburg,679,false
TRIP-000418,TURNOVER-068,725,EVS360-034,2032-01-10,2032-01-10T21:30,2032-01-10T23:50,Saint Petersburg,Moscow,679,false
TRIP-000419,TURNOVER-069,736,EVS360-015,2032-01-10,2032-01-10T22:00,2032-01-11T00:10,Moscow,Saint Petersburg,679,false
TRIP-000420,TURNOVER-070,739,EVS360-035,2032-01-10,2032-01-10T22:00,2032-01-11T00:10,Saint Petersburg,Moscow,679,false
TRIP-000421,TURNOVER-001,701,EVS360-036,2032-01-11,2032-01-11T06:00,2032-01-11T08:10,Saint Petersburg,Moscow,679,false
TRIP-000422,TURNOVER-002,702,EVS360-016,2032-01-11,2032-01-11T06:00,2032-01-11T08:10,Moscow,Saint Petersburg,679,false
TRIP-000423,TURNOVER-003,715,EVS360-037,2032-01-11,2032-01-11T06:15,2032-01-11T08:35,Saint Petersburg,Moscow,679,false
TRIP-000424,TURNOVER-004,726,EVS360-017,2032-01-11,2032-01-11T06:15,2032-01-11T08:35,Moscow,Saint Petersburg,679,false
TRIP-000425,TURNOVER-005,712,EVS360-018,2032-01-11,2032-01-11T06:30,2032-01-11T08:50,Moscow,Saint Petersburg,679,false
TRIP-000426,TURNOVER-006,721,EVS360-038,2032-01-11,2032-01-11T06:30,2032-01-11T08:50,Saint Petersburg,Moscow,679,false
TRIP-000427,TURNOVER-007,746,EVS360-019,2032-01-11,2032-01-11T07:00,2032-01-11T09:20,Moscow,Saint Petersburg,679,false
TRIP-000428,TURNOVER-008,753,EVS360-039,2032-01-11,2032-01-11T07:00,2032-01-11T09:20,Saint Petersburg,Moscow,679,false
TRIP-000429,TURNOVER-009,741,EVS360-001,2032-01-11,2032-01-11T07:15,2032-01-11T09:35,Saint Petersburg,Moscow,679,true
TRIP-000430,TURNOVER-010,735,EVS360-002,2032-01-11,2032-01-11T07:30,2032-01-11T09:50,Saint Petersburg,Moscow,679,true
TRIP-000431,TURNOVER-011,750,EVS360-020,2032-01-11,2032-01-11T07:30,2032-01-11T09:50,Moscow,Saint Petersburg,679,false
TRIP-000432,TURNOVER-012,758,EVS360-021,2032-01-11,2032-01-11T08:00,2032-01-11T10:10,Moscow,Saint Petersburg,679,true
TRIP-000433,TURNOVER-013,761,EVS360-003,2032-01-11,2032-01-11T08:00,2032-01-11T10:10,Saint Petersburg,Moscow,679,true
TRIP-000434,TURNOVER-014,773,EVS360-004,2032-01-11,2032-01-11T08:30,2032-01-11T10:50,Saint Petersburg,Moscow,679,true
TRIP-000435,TURNOVER-015,774,EVS360-022,2032-01-11,2032-01-11T08:30,2032-01-11T10:50,Moscow,Saint Petersburg,679,true
TRIP-000436,TURNOVER-016,703,EVS360-005,2032-01-11,2032-01-11T09:00,2032-01-11T11:20,Saint Petersburg,Moscow,679,true
TRIP-000437,TURNOVER-017,704,EVS360-023,2032-01-11,2032-01-11T09:00,2032-01-11T11:20,Moscow,Saint Petersburg,679,true
TRIP-000438,TURNOVER-018,722,EVS360-024,2032-01-11,2032-01-11T09:30,2032-01-11T11:50,Moscow,Saint Petersburg,679,true
TRIP-000439,TURNOVER-019,727,EVS360-006,2032-01-11,2032-01-11T09:30,2032-01-11T11:50,Saint Petersburg,Moscow,679,true
TRIP-000440,TURNOVER-020,745,EVS360-007,2032-01-11,2032-01-11T10:00,2032-01-11T12:10,Saint Petersburg,Moscow,679,true
TRIP-000441,TURNOVER-021,754,EVS360-025,2032-01-11,2032-01-11T10:00,2032-01-11T12:10,Moscow,Saint Petersburg,679,true
TRIP-000442,TURNOVER-022,713,EVS360-008,2032-01-11,2032-01-11T10:15,2032-01-11T12:35,Saint Petersburg,Moscow,679,true
TRIP-000443,TURNOVER-023,742,EVS360-026,2032-01-11,2032-01-11T10:15,2032-01-11T12:35,Moscow,Saint Petersburg,679,true
TRIP-000444,TURNOVER-024,718,EVS360-027,2032-01-11,2032-01-11T10:30,2032-01-11T12:50,Moscow,Saint Petersburg,679,true
TRIP-000445,TURNOVER-025,749,EVS360-009,2032-01-11,2032-01-11T10:30,2032-01-11T12:50,Saint Petersburg,Moscow,679,true
TRIP-000446,TURNOVER-026,757,EVS360-010,2032-01-11,2032-01-11T11:00,2032-01-11T13:20,Saint Petersburg,Moscow,679,true
TRIP-000447,TURNOVER-027,762,EVS360-028,2032-01-11,2032-01-11T11:00,2032-01-11T13:20,Moscow,Saint Petersburg,679,true
TRIP-000448,TURNOVER-028,707,EVS360-011,2032-01-11,2032-01-11T11:30,2032-01-11T13:50,Saint Petersburg,Moscow,679,true
TRIP-000449,TURNOVER-029,778,EVS360-029,2032-01-11,2032-01-11T11:30,2032-01-11T13:50,Moscow,Saint Petersburg,679,true
TRIP-000450,TURNOVER-030,705,EVS360-012,2032-01-11,2032-01-11T12:00,2032-01-11T14:10,Saint Petersburg,Moscow,679,true
TRIP-000451,TURNOVER-031,706,EVS360-030,2032-01-11,2032-01-11T12:00,2032-01-11T14:10,Moscow,Saint Petersburg,679,true
TRIP-000452,TURNOVER-032,714,EVS360-031,2032-01-11,2032-01-11T12:30,2032-01-11T14:50,Moscow,Saint Petersburg,679,true
TRIP-000453,TURNOVER-033,723,EVS360-013,2032-01-11,2032-01-11T12:30,2032-01-11T14:50,Saint Petersburg,Moscow,679,true
TRIP-000454,TURNOVER-034,748,EVS360-032,2032-01-11,2032-01-11T13:00,2032-01-11T15:20,Moscow,Saint Petersburg,679,true
TRIP-000455,TURNOVER-035,755,EVS360-014,2032-01-11,2032-01-11T13:00,2032-01-11T15:20,Saint Petersburg,Moscow,679,true
TRIP-000456,TURNOVER-036,784,EVS360-033,2032-01-11,2032-01-11T13:30,2032-01-11T15:50,Moscow,Saint Petersburg,679,true
TRIP-000457,TURNOVER-037,763,EVS360-015,2032-01-11,2032-01-11T14:00,2032-01-11T16:10,Saint Petersburg,Moscow,679,true
TRIP-000458,TURNOVER-038,766,EVS360-034,2032-01-11,2032-01-11T14:00,2032-01-11T16:10,Moscow,Saint Petersburg,679,true
TRIP-000459,TURNOVER-039,769,EVS360-016,2032-01-11,2032-01-11T14:30,2032-01-11T16:50,Saint Petersburg,Moscow,679,true
TRIP-000460,TURNOVER-040,776,EVS360-035,2032-01-11,2032-01-11T14:30,2032-01-11T16:50,Moscow,Saint Petersburg,679,true
TRIP-000461,TURNOVER-041,743,EVS360-017,2032-01-11,2032-01-11T15:00,2032-01-11T17:20,Saint Petersburg,Moscow,679,true
TRIP-000462,TURNOVER-042,752,EVS360-036,2032-01-11,2032-01-11T15:00,2032-01-11T17:20,Moscow,Saint Petersburg,679,true
TRIP-000463,TURNOVER-043,747,EVS360-018,2032-01-11,2032-01-11T16:00,2032-01-11T18:10,Saint Petersburg,Moscow,679,true
TRIP-000464,TURNOVER-044,756,EVS360-037,2032-01-11,2032-01-11T16:00,2032-01-11T18:10,Moscow,Saint Petersburg,679,true
TRIP-000465,TURNOVER-045,772,EVS360-038,2032-01-11,2032-01-11T16:30,2032-01-11T18:50,Moscow,Saint Petersburg,679,true
TRIP-000466,TURNOVER-046,775,EVS360-019,2032-01-11,2032-01-11T16:30,2032-01-11T18:50,Saint Petersburg,Moscow,679,true
TRIP-000467,TURNOVER-047,767,EVS360-020,2032-01-11,2032-01-11T17:00,2032-01-11T19:20,Saint Petersburg,Moscow,679,true
TRIP-000468,TURNOVER-048,764,EVS360-039,2032-01-11,2032-01-11T17:30,2032-01-11T19:50,Moscow,Saint Petersburg,679,true
TRIP-000469,TURNOVER-049,777,EVS360-021,2032-01-11,2032-01-11T17:30,2032-01-11T19:50,Saint Petersburg,Moscow,679,false
TRIP-000470,TURNOVER-050,708,EVS360-001,2032-01-11,2032-01-11T18:00,2032-01-11T20:10,Moscow,Saint Petersburg,679,false
TRIP-000471,TURNOVER-051,729,EVS360-022,2032-01-11,2032-01-11T18:00,2032-01-11T20:10,Saint Petersburg,Moscow,679,false
TRIP-000472,TURNOVER-052,720,EVS360-002,2032-01-11,2032-01-11T18:15,2032-01-11T20:35,Moscow,Saint Petersburg,679,false
TRIP-000473,TURNOVER-053,781,EVS360-023,2032-01-11,2032-01-11T18:15,2032-01-11T20:35,Saint Petersburg,Moscow,679,false
TRIP-000474,TURNOVER-054,711,EVS360-024,2032-01-11,2032-01-11T18:30,2032-01-11T20:50,Saint Petersburg,Moscow,679,false
TRIP-000475,TURNOVER-055,724,EVS360-003,2032-01-11,2032-01-11T18:30,2032-01-11T20:50,Moscow,Saint Petersburg,679,false
TRIP-000476,TURNOVER-056,733,EVS360-025,2032-01-11,2032-01-11T19:00,2032-01-11T21:20,Saint Petersburg,Moscow,679,false
TRIP-000477,TURNOVER-057,740,EVS360-004,2032-01-11,2032-01-11T19:00,2032-01-11T21:20,Moscow,Saint Petersburg,679,false
TRIP-000478,TURNOVER-058,779,EVS360-026,2032-01-11,2032-01-11T19:30,2032-01-11T21:50,Saint Petersburg,Moscow,679,false
TRIP-000479,TURNOVER-059,782,EVS360-005,2032-01-11,2032-01-11T19:30,2032-01-11T21:50,Moscow,Saint Petersburg,679,false
TRIP-000480,TURNOVER-060,759,EVS360-027,2032-01-11,2032-01-11T20:00,2032-01-11T22:10,Saint Petersburg,Moscow,679,false
TRIP-000481,TURNOVER-061,768,EVS360-006,2032-01-11,2032-01-11T20:00,2032-01-11T22:10,Moscow,Saint Petersburg,679,false
TRIP-000482,TURNOVER-062,744,EVS360-007,2032-01-11,2032-01-11T20:15,2032-01-11T22:35,Moscow,Saint Petersburg,679,false
TRIP-000483,TURNOVER-063,710,EVS360-008,2032-01-11,2032-01-11T20:30,2032-01-11T22:50,Moscow,Saint Petersburg,679,false
TRIP-000484,TURNOVER-064,751,EVS360-028,2032-01-11,2032-01-11T20:30,2032-01-11T22:50,Saint Petersburg,Moscow,679,false
TRIP-000485,TURNOVER-065,730,EVS360-009,2032-01-11,2032-01-11T21:00,2032-01-11T23:20,Moscow,Saint Petersburg,679,false
TRIP-000486,TURNOVER-066,771,EVS360-029,2032-01-11,2032-01-11T21:00,2032-01-11T23:20,Saint Petersburg,Moscow,679,false
TRIP-000487,TURNOVER-067,716,EVS360-010,2032-01-11,2032-01-11T21:30,2032-01-11T23:50,Moscow,Saint Petersburg,679,false
TRIP-000488,TURNOVER-068,725,EVS360-030,2032-01-11,2032-01-11T21:30,2032-01-11T23:50,Saint Petersburg,Moscow,679,false
TRIP-000489,TURNOVER-069,736,EVS360-011,2032-01-11,2032-01-11T22:00,2032-01-12T00:10,Moscow,Saint Petersburg,679,false
TRIP-000490,TURNOVER-070,739,EVS360-031,2032-01-11,2032-01-11T22:00,2032-01-12T00:10,Saint Petersburg,Moscow,679,false
