wheel_schedule_id,wheel_job_id,train_id,target_mileage_km,scheduled_start,scheduled_end,duration_hours,status,reason,earliest_allowed_at,latest_allowed_at
WSCH-000001,WHEEL-000171,EVS360-032,1400000,2032-01-11T15:20,2032-01-12T07:20,16.0,scheduled,,2032-01-05T00:00,2032-01-14T11:20
WSCH-000002,WHEEL-000126,EVS360-024,2000000,,,16.0,unscheduled,no_passenger_window_before_deadline,2032-01-05T00:00,2032-01-19T17:20
WSCH-000003,WHEEL-000013,EVS360-003,3400000,2032-01-12T07:20,2032-01-12T23:20,16.0,scheduled,,2032-01-05T00:00,2032-01-23T14:10
WSCH-000004,WHEEL-000137,EVS360-026,2000000,,,16.0,unscheduled,no_passenger_window_before_deadline,2032-01-05T00:00,2032-01-24T19:50
WSCH-000005,WHEEL-000110,EVS360-021,2400000,,,16.0,unscheduled,no_passenger_window_before_deadline,2032-01-05T00:00,2032-01-27T22:35
WSCH-000006,WHEEL-000040,EVS360-008,3400000,2032-01-12T23:20,2032-01-13T15:20,16.0,scheduled,,2032-01-05T00:00,2032-01-29T20:35
WSCH-000007,WHEEL-000209,EVS360-039,1000000,2032-01-13T15:20,2032-01-14T07:20,16.0,scheduled,,2032-01-05T00:00,2032-01-30T18:10
WSCH-000008,WHEEL-000193,EVS360-036,1200000,2032-01-14T07:20,2032-01-14T23:20,16.0,scheduled,,2032-01-05T00:00,2032-02-03T13:50
WSCH-000009,WHEEL-000066,EVS360-013,3000000,,,16.0,unscheduled,no_passenger_window_before_deadline,2032-01-05T00:00,2032-02-03T22:10
WSCH-000010,WHEEL-000007,EVS360-002,3600000,2032-01-14T23:20,2032-01-15T15:20,16.0,scheduled,,2032-01-05T00:00,2032-02-06T13:20
WSCH-000011,WHEEL-000154,EVS360-029,1600000,,,16.0,unscheduled,no_passenger_window_before_deadline,2032-01-05T00:00,2032-02-11T08:10
WSCH-000012,WHEEL-000187,EVS360-035,1200000,2032-01-15T15:20,2032-01-16T07:20,16.0,scheduled,,2032-01-05T00:00,2032-02-13T13:50
WSCH-000013,WHEEL-000072,EVS360-014,2800000,,,16.0,unscheduled,no_passenger_window_before_deadline,2032-01-05T00:00,2032-02-18T13:20
WSCH-000014,WHEEL-000165,EVS360-031,1600000,,,16.0,unscheduled,no_passenger_window_before_deadline,2032-01-05T00:00,2032-02-18T22:10
WSCH-000015,WHEEL-000001,EVS360-001,3600000,2032-01-16T07:20,2032-01-16T23:20,16.0,scheduled,,2032-01-05T00:00,2032-02-19T09:35
WSCH-000016,WHEEL-000099,EVS360-019,2600000,,,16.0,unscheduled,no_passenger_window_before_deadline,2032-01-05T00:00,2032-03-02T13:20
WSCH-000017,WHEEL-000078,EVS360-015,2800000,,,16.0,unscheduled,no_passenger_window_before_deadline,2032-01-05T00:00,2032-03-07T11:20
WSCH-000018,WHEEL-000148,EVS360-028,1800000,,,16.0,unscheduled,no_passenger_window_before_deadline,2032-01-05T00:00,2032-03-13T10:10
WSCH-000019,WHEEL-000024,EVS360-005,3200000,2032-01-16T23:20,2032-01-17T15:20,16.0,scheduled,,2032-01-05T00:00,2032-03-14T20:35
WSCH-000020,WHEEL-000160,EVS360-030,1600000,,,16.0,unscheduled,no_passenger_window_before_deadline,2032-01-05T00:00,2032-03-18T21:20
WSCH-000021,WHEEL-000084,EVS360-016,2800000,,,16.0,unscheduled,no_passenger_window_before_deadline,2032-01-05T00:00,2032-03-20T18:50
WSCH-000022,WHEEL-000094,EVS360-018,2600000,,,16.0,unscheduled,no_passenger_window_before_deadline,2032-01-05T00:00,2032-03-21T12:10
WSCH-000023,WHEEL-000182,EVS360-034,1400000,2032-01-17T15:20,2032-01-18T07:20,16.0,scheduled,,2032-01-05T00:00,2032-03-23T13:20
WSCH-000024,WHEEL-000056,EVS360-011,3000000,2032-01-18T07:20,2032-01-18T23:20,16.0,scheduled,,2032-01-05T00:00,2032-03-27T20:50
WSCH-000025,WHEEL-000046,EVS360-009,3200000,2032-01-18T23:20,2032-01-19T15:20,16.0,scheduled,,2032-01-05T00:00,2032-03-29T12:50
WSCH-000026,WHEEL-000143,EVS360-027,2000000,,,16.0,unscheduled,no_passenger_window_before_deadline,2032-01-05T00:00,2032-03-29T12:50
WSCH-000027,WHEEL-000035,EVS360-007,3400000,2032-01-19T15:20,2032-01-20T07:20,16.0,scheduled,,2032-01-05T00:00,2032-03-30T13:50
WSCH-000028,WHEEL-000061,EVS360-012,3200000,,,16.0,unscheduled,no_passenger_window_before_deadline,2032-01-05T00:00,2032-04-15T09:50
WSCH-000029,WHEEL-000030,EVS360-006,3600000,2032-01-20T07:20,2032-01-20T23:20,16.0,scheduled,,2032-01-05T00:00,2032-04-17T10:50
WSCH-000030,WHEEL-000177,EVS360-033,1600000,2032-01-20T23:20,2032-01-21T15:20,16.0,scheduled,,2032-01-05T00:00,2032-04-28T08:10
WSCH-000031,WHEEL-000019,EVS360-004,3400000,2032-01-21T15:20,2032-01-22T07:20,16.0,scheduled,,2032-01-05T00:00,2032-05-01T18:50
WSCH-000032,WHEEL-000204,EVS360-038,1200000,2032-01-22T07:20,2032-01-22T23:20,16.0,scheduled,,2032-01-05T00:00,2032-05-04T12:35
WSCH-000033,WHEEL-000116,EVS360-022,2400000,,,16.0,unscheduled,no_passenger_window_before_deadline,2032-01-05T00:00,2032-05-06T18:10
WSCH-000034,WHEEL-000105,EVS360-020,2400000,,,16.0,unscheduled,no_passenger_window_before_deadline,2032-01-05T00:00,2032-05-08T20:50
WSCH-000035,WHEEL-000089,EVS360-017,2600000,,,16.0,unscheduled,no_passenger_window_before_deadline,2032-01-05T00:00,2032-05-18T10:50
WSCH-000036,WHEEL-000199,EVS360-037,1200000,2032-01-22T23:20,2032-01-23T15:20,16.0,scheduled,,2032-01-05T00:00,2032-05-18T20:50
WSCH-000037,WHEEL-000132,EVS360-025,2000000,,,16.0,unscheduled,no_passenger_window_before_deadline,2032-01-05T00:00,2032-05-22T12:10
WSCH-000038,WHEEL-000121,EVS360-023,2400000,,,16.0,unscheduled,no_passenger_window_before_deadline,2032-01-05T00:00,2032-05-27T12:10
WSCH-000039,WHEEL-000051,EVS360-010,3400000,2032-01-23T15:20,2032-01-24T07:20,16.0,scheduled,,2032-01-05T00:00,2032-06-02T08:10
WSCH-000040,WHEEL-000172,EVS360-032,1600000,2032-01-24T07:20,2032-01-24T23:20,16.0,scheduled,,2032-01-14T11:20,2032-06-26T18:10
WSCH-000041,WHEEL-000127,EVS360-024,2200000,,,16.0,unscheduled,no_passenger_window_before_deadline,2032-01-19T17:20,2032-07-01T23:50
WSCH-000042,WHEEL-000014,EVS360-003,3600000,2032-01-24T23:20,2032-01-25T15:20,16.0,scheduled,,2032-01-23T14:10,2032-07-05T11:20
WSCH-000043,WHEEL-000138,EVS360-026,2200000,,,16.0,unscheduled,no_passenger_window_before_deadline,2032-01-24T19:50,2032-07-07T08:10
WSCH-000044,WHEEL-000111,EVS360-021,2600000,,,16.0,unscheduled,no_passenger_window_before_deadline,2032-01-27T22:35,2032-07-10T10:50
WSCH-000045,WHEEL-000041,EVS360-008,3600000,2032-01-29T20:35,2032-01-30T12:35,16.0,scheduled,,2032-01-29T20:35,2032-07-12T08:50
WSCH-000046,WHEEL-000210,EVS360-039,1200000,2032-01-30T18:10,2032-01-31T10:10,16.0,scheduled,,2032-01-30T18:10,2032-07-12T23:50
WSCH-000047,WHEEL-000194,EVS360-036,1400000,2032-02-03T13:50,2032-02-04T05:50,16.0,scheduled,,2032-02-03T13:50,2032-07-16T21:20
WSCH-000048,WHEEL-000067,EVS360-013,3200000,,,16.0,unscheduled,no_passenger_window_before_deadline,2032-02-03T22:10,2032-07-17T11:50
WSCH-000049,WHEEL-000008,EVS360-002,3800000,2032-02-06T13:20,2032-02-07T05:20,16.0,scheduled,,2032-02-06T13:20,2032-07-19T19:50
WSCH-000050,WHEEL-000155,EVS360-029,1800000,,,16.0,unscheduled,no_passenger_window_before_deadline,2032-02-11T08:10,2032-07-23T21:20
WSCH-000051,WHEEL-000188,EVS360-035,1400000,2032-02-13T13:50,2032-02-14T05:50,16.0,scheduled,,2032-02-13T13:50,2032-07-26T21:20
WSCH-000052,WHEEL-000073,EVS360-014,3000000,,,16.0,unscheduled,no_passenger_window_before_deadline,2032-02-18T13:20,2032-07-31T10:10
WSCH-000053,WHEEL-000166,EVS360-031,1800000,,,16.0,unscheduled,no_passenger_window_before_deadline,2032-02-18T22:10,2032-07-31T19:20
WSCH-000054,WHEEL-000002,EVS360-001,3800000,2032-02-19T09:35,2032-02-20T01:35,16.0,scheduled,,2032-02-19T09:35,2032-08-01T15:50
WSCH-000055,WHEEL-000100,EVS360-019,2800000,,,16.0,unscheduled,no_passenger_window_before_deadline,2032-03-02T13:20,2032-08-13T19:50
WSCH-000056,WHEEL-000079,EVS360-015,3000000,,,16.0,unscheduled,no_passenger_window_before_deadline,2032-03-07T11:20,2032-08-18T08:35
WSCH-000057,WHEEL-000149,EVS360-028,2000000,,,16.0,unscheduled,no_passenger_window_before_deadline,2032-03-13T10:10,2032-08-24T00:10
WSCH-000058,WHEEL-000025,EVS360-005,3400000,2032-03-14T20:35,2032-03-15T12:35,16.0,scheduled,,2032-03-14T20:35,2032-08-25T16:50
WSCH-000059,WHEEL-000161,EVS360-030,1800000,,,16.0,unscheduled,no_passenger_window_before_deadline,2032-03-18T21:20,2032-08-30T10:50
WSCH-000060,WHEEL-000085,EVS360-016,3000000,,,16.0,unscheduled,no_passenger_window_before_deadline,2032-03-20T18:50,2032-08-31T14:10
WSCH-000061,WHEEL-000095,EVS360-018,2800000,,,16.0,unscheduled,no_passenger_window_before_deadline,2032-03-21T12:10,2032-09-01T08:50
WSCH-000062,WHEEL-000183,EVS360-034,1600000,2032-03-23T13:20,2032-03-24T05:20,16.0,scheduled,,2032-03-23T13:20,2032-09-03T20:50
WSCH-000063,WHEEL-000057,EVS360-011,3200000,2032-03-27T20:50,2032-03-28T12:50,16.0,scheduled,,2032-03-27T20:50,2032-09-07T16:50
WSCH-000064,WHEEL-000047,EVS360-009,3400000,2032-03-29T12:50,2032-03-30T04:50,16.0,scheduled,,2032-03-29T12:50,2032-09-09T09:50
WSCH-000065,WHEEL-000144,EVS360-027,2200000,,,16.0,unscheduled,no_passenger_window_before_deadline,2032-03-29T12:50,2032-09-09T19:20
WSCH-000066,WHEEL-000036,EVS360-007,3600000,2032-03-30T13:50,2032-03-31T05:50,16.0,scheduled,,2032-03-30T13:50,2032-09-10T10:50
WSCH-000067,WHEEL-000062,EVS360-012,3400000,,,16.0,unscheduled,no_passenger_window_before_deadline,2032-04-15T09:50,2032-09-26T16:10
WSCH-000068,WHEEL-000031,EVS360-006,3800000,2032-04-17T10:50,2032-04-18T02:50,16.0,scheduled,,2032-04-17T10:50,2032-09-28T17:20
WSCH-000069,WHEEL-000178,EVS360-033,1800000,2032-04-28T08:10,2032-04-29T00:10,16.0,scheduled,,2032-04-28T08:10,2032-10-09T13:50
WSCH-000070,WHEEL-000020,EVS360-004,3600000,2032-05-01T18:50,2032-05-02T10:50,16.0,scheduled,,2032-05-01T18:50,2032-10-12T14:10
WSCH-000071,WHEEL-000205,EVS360-038,1400000,2032-05-04T12:35,2032-05-05T04:35,16.0,scheduled,,2032-05-04T12:35,2032-10-15T09:20
WSCH-000072,WHEEL-000117,EVS360-022,2600000,,,16.0,unscheduled,no_passenger_window_before_deadline,2032-05-06T18:10,2032-10-17T13:50
WSCH-000073,WHEEL-000106,EVS360-020,2600000,,,16.0,unscheduled,no_passenger_window_before_deadline,2032-05-08T20:50,2032-10-19T17:20
WSCH-000074,WHEEL-000090,EVS360-017,2800000,,,16.0,unscheduled,no_passenger_window_before_deadline,2032-05-18T10:50,2032-10-29T00:10
WSCH-000075,WHEEL-000200,EVS360-037,1400000,2032-05-18T20:50,2032-05-19T12:50,16.0,scheduled,,2032-05-18T20:50,2032-10-30T09:20
WSCH-000076,WHEEL-000133,EVS360-025,2200000,,,16.0,unscheduled,no_passenger_window_before_deadline,2032-05-22T12:10,2032-11-02T09:20
WSCH-000077,WHEEL-000122,EVS360-023,2600000,,,16.0,unscheduled,no_passenger_window_before_deadline,2032-05-27T12:10,2032-11-07T08:50
WSCH-000078,WHEEL-000052,EVS360-010,3600000,2032-06-02T08:10,2032-06-03T00:10,16.0,scheduled,,2032-06-02T08:10,2032-11-13T13:50
WSCH-000079,WHEEL-000173,EVS360-032,1800000,2032-06-26T18:10,2032-06-27T10:10,16.0,scheduled,,2032-06-26T18:10,2032-12-07T14:10
WSCH-000080,WHEEL-000128,EVS360-024,2400000,,,16.0,unscheduled,no_passenger_window_before_deadline,2032-07-01T23:50,2032-12-12T20:50
WSCH-000081,WHEEL-000015,EVS360-003,3800000,2032-07-05T11:20,2032-07-06T03:20,16.0,scheduled,,2032-07-05T11:20,2032-12-16T18:10
WSCH-000082,WHEEL-000139,EVS360-026,2400000,,,16.0,unscheduled,no_passenger_window_before_deadline,2032-07-07T08:10,2032-12-18T13:50
WSCH-000083,WHEEL-000112,EVS360-021,2800000,,,16.0,unscheduled,no_passenger_window_before_deadline,2032-07-10T10:50,2032-12-21T08:10
WSCH-000084,WHEEL-000042,EVS360-008,3800000,2032-07-12T08:50,2032-07-13T00:50,16.0,scheduled,,2032-07-12T08:50,2032-12-22T22:10
WSCH-000085,WHEEL-000211,EVS360-039,1400000,2032-07-13T00:50,2032-07-13T16:50,16.0,scheduled,,2032-07-12T23:50,2032-12-24T12:50
WSCH-000086,WHEEL-000195,EVS360-036,1600000,2032-07-16T21:20,2032-07-17T13:20,16.0,scheduled,,2032-07-16T21:20,2032-12-27T17:20
WSCH-000087,WHEEL-000068,EVS360-013,3400000,,,16.0,unscheduled,no_passenger_window_before_deadline,2032-07-17T11:50,2032-12-28T08:35
WSCH-000088,WHEEL-000009,EVS360-002,4000000,2032-07-19T19:50,2032-07-20T11:50,16.0,scheduled,,2032-07-19T19:50,2032-12-30T15:20
WSCH-000089,WHEEL-000156,EVS360-029,2000000,,,16.0,unscheduled,no_passenger_window_before_deadline,2032-07-23T21:20,2033-01-04T10:50
WSCH-000090,WHEEL-000189,EVS360-035,1600000,2032-07-26T21:20,2032-07-27T13:20,16.0,scheduled,,2032-07-26T21:20,2033-01-06T17:20
WSCH-000091,WHEEL-000074,EVS360-014,3200000,,,16.0,unscheduled,no_passenger_window_before_deadline,2032-07-31T10:10,2033-01-11T16:50
WSCH-000092,WHEEL-000167,EVS360-031,2000000,,,16.0,unscheduled,no_passenger_window_before_deadline,2032-07-31T19:20,2033-01-12T08:35
WSCH-000093,WHEEL-000003,EVS360-001,4000000,2032-08-01T15:50,2032-08-02T07:50,16.0,scheduled,,2032-08-01T15:50,2033-01-12T12:35
WSCH-000094,WHEEL-000101,EVS360-019,3000000,,,16.0,unscheduled,no_passenger_window_before_deadline,2032-08-13T19:50,2033-01-25T08:50
WSCH-000095,WHEEL-000080,EVS360-015,3200000,,,16.0,unscheduled,no_passenger_window_before_deadline,2032-08-18T08:35,2033-01-29T14:10
WSCH-000096,WHEEL-000150,EVS360-028,2200000,,,16.0,unscheduled,no_passenger_window_before_deadline,2032-08-24T00:10,2033-02-04T13:20
WSCH-000097,WHEEL-000026,EVS360-005,3600000,2032-08-25T16:50,2032-08-26T08:50,16.0,scheduled,,2032-08-25T16:50,2033-02-05T23:20
WSCH-000098,WHEEL-000162,EVS360-030,2000000,,,16.0,unscheduled,no_passenger_window_before_deadline,2032-08-30T10:50,2033-02-10T00:10
WSCH-000099,WHEEL-000086,EVS360-016,3200000,,,16.0,unscheduled,no_passenger_window_before_deadline,2032-08-31T14:10,2033-02-11T21:50
WSCH-000100,WHEEL-000096,EVS360-018,3000000,,,16.0,unscheduled,no_passenger_window_before_deadline,2032-09-01T08:50,2033-02-12T13:50
WSCH-000101,WHEEL-000184,EVS360-034,1800000,2032-09-03T20:50,2032-09-04T12:50,16.0,scheduled,,2032-09-03T20:50,2033-02-14T16:50
WSCH-000102,WHEEL-000058,EVS360-011,3400000,2032-09-07T16:50,2032-09-08T08:50,16.0,scheduled,,2032-09-07T16:50,2033-02-18T22:50
WSCH-000103,WHEEL-000048,EVS360-009,3600000,2032-09-09T09:50,2032-09-10T01:50,16.0,scheduled,,2032-09-09T09:50,2033-02-20T16:10
WSCH-000104,WHEEL-000145,EVS360-027,2400000,,,16.0,unscheduled,no_passenger_window_before_deadline,2032-09-09T19:20,2033-02-21T08:35
WSCH-000105,WHEEL-000037,EVS360-007,3800000,2032-09-10T10:50,2032-09-11T02:50,16.0,scheduled,,2032-09-10T10:50,2033-02-21T17:20
WSCH-000106,WHEEL-000063,EVS360-012,3600000,,,16.0,unscheduled,no_passenger_window_before_deadline,2032-09-26T16:10,2033-03-09T22:10
WSCH-000107,WHEEL-000032,EVS360-006,4000000,2032-09-28T17:20,2032-09-29T09:20,16.0,scheduled,,2032-09-28T17:20,2033-03-11T13:50
WSCH-000108,WHEEL-000179,EVS360-033,2000000,2032-10-09T13:50,2032-10-10T05:50,16.0,scheduled,,2032-10-09T13:50,2033-03-22T10:50
WSCH-000109,WHEEL-000021,EVS360-004,3800000,2032-10-12T14:10,2032-10-13T06:10,16.0,scheduled,,2032-10-12T14:10,2033-03-25T21:50
WSCH-000110,WHEEL-000206,EVS360-038,1600000,2032-10-15T09:20,2032-10-16T01:20,16.0,scheduled,,2032-10-15T09:20,2033-03-28T14:10
WSCH-000111,WHEEL-000118,EVS360-022,2800000,,,16.0,unscheduled,no_passenger_window_before_deadline,2032-10-17T13:50,2033-03-30T21:20
WSCH-000112,WHEEL-000107,EVS360-020,2800000,,,16.0,unscheduled,no_passenger_window_before_deadline,2032-10-19T17:20,2033-04-01T23:50
WSCH-000113,WHEEL-000091,EVS360-017,3000000,,,16.0,unscheduled,no_passenger_window_before_deadline,2032-10-29T00:10,2033-04-11T12:35
WSCH-000114,WHEEL-000201,EVS360-037,1600000,2032-10-30T09:20,2032-10-31T01:20,16.0,scheduled,,2032-10-30T09:20,2033-04-11T22:50
WSCH-000115,WHEEL-000134,EVS360-025,2400000,,,16.0,unscheduled,no_passenger_window_before_deadline,2032-11-02T09:20,2033-04-15T15:20
WSCH-000116,WHEEL-000123,EVS360-023,2800000,,,16.0,unscheduled,no_passenger_window_before_deadline,2032-11-07T08:50,2033-04-20T13:50
WSCH-000117,WHEEL-000053,EVS360-010,3800000,2032-11-13T13:50,2032-11-14T05:50,16.0,scheduled,,2032-11-13T13:50,2033-04-26T10:50
WSCH-000118,WHEEL-000174,EVS360-032,2000000,2032-12-07T14:10,2032-12-08T06:10,16.0,scheduled,,2032-12-07T14:10,2033-05-20T20:35
WSCH-000119,WHEEL-000129,EVS360-024,2600000,,,16.0,unscheduled,no_passenger_window_before_deadline,2032-12-12T20:50,2033-05-26T09:20
WSCH-000120,WHEEL-000016,EVS360-003,4000000,2032-12-16T18:10,2032-12-17T10:10,16.0,scheduled,,2032-12-16T18:10,2033-05-29T14:10
WSCH-000121,WHEEL-000140,EVS360-026,2600000,,,16.0,unscheduled,no_passenger_window_before_deadline,2032-12-18T13:50,2033-05-31T10:50
WSCH-000122,WHEEL-000113,EVS360-021,3000000,,,16.0,unscheduled,no_passenger_window_before_deadline,2032-12-21T08:10,2033-06-03T13:50
WSCH-000123,WHEEL-000043,EVS360-008,4000000,2032-12-22T22:10,2032-12-23T14:10,16.0,scheduled,,2032-12-22T22:10,2033-06-05T11:50
WSCH-000124,WHEEL-000212,EVS360-039,1600000,2032-12-24T12:50,2032-12-25T04:50,16.0,scheduled,,2032-12-24T12:50,2033-06-06T09:50
WSCH-000125,WHEEL-000196,EVS360-036,1800000,2032-12-27T17:20,2032-12-28T09:20,16.0,scheduled,,2032-12-27T17:20,2033-06-09T23:20
WSCH-000126,WHEEL-000069,EVS360-013,3600000,,,16.0,unscheduled,no_passenger_window_before_deadline,2032-12-28T08:35,2033-06-10T13:20
WSCH-000127,WHEEL-000010,EVS360-002,4200000,2032-12-30T15:20,2032-12-31T07:20,16.0,scheduled,,2032-12-30T15:20,2033-06-12T22:35
WSCH-000128,WHEEL-000157,EVS360-029,2200000,,,16.0,unscheduled,no_passenger_window_before_deadline,2033-01-04T10:50,2033-06-17T00:10
WSCH-000129,WHEEL-000190,EVS360-035,1800000,2033-01-06T17:20,2033-01-07T09:20,16.0,scheduled,,2033-01-06T17:20,2033-06-19T23:20
WSCH-000130,WHEEL-000168,EVS360-031,2200000,,,16.0,unscheduled,no_passenger_window_before_deadline,2033-01-12T08:35,2033-06-24T22:10
WSCH-000131,WHEEL-000075,EVS360-014,3400000,,,16.0,unscheduled,no_passenger_window_before_deadline,2033-01-11T16:50,2033-06-24T22:50
WSCH-000132,WHEEL-000004,EVS360-001,4200000,2033-01-12T12:35,2033-01-13T04:35,16.0,scheduled,,2033-01-12T12:35,2033-06-25T18:50
WSCH-000133,WHEEL-000102,EVS360-019,3200000,,,16.0,unscheduled,no_passenger_window_before_deadline,2033-01-25T08:50,2033-07-07T22:35
WSCH-000134,WHEEL-000081,EVS360-015,3400000,,,16.0,unscheduled,no_passenger_window_before_deadline,2033-01-29T14:10,2033-07-12T11:20
WSCH-000135,WHEEL-000151,EVS360-028,2400000,,,16.0,unscheduled,no_passenger_window_before_deadline,2033-02-04T13:20,2033-07-18T10:10
WSCH-000136,WHEEL-000027,EVS360-005,3800000,2033-02-05T23:20,2033-02-06T15:20,16.0,scheduled,,2033-02-05T23:20,2033-07-19T20:35
WSCH-000137,WHEEL-000163,EVS360-030,2200000,,,16.0,unscheduled,no_passenger_window_before_deadline,2033-02-10T00:10,2033-07-24T12:35
WSCH-000138,WHEEL-000087,EVS360-016,3400000,,,16.0,unscheduled,no_passenger_window_before_deadline,2033-02-11T21:50,2033-07-25T18:10
WSCH-000139,WHEEL-000097,EVS360-018,3200000,,,16.0,unscheduled,no_passenger_window_before_deadline,2033-02-12T13:50,2033-07-26T10:50
WSCH-000140,WHEEL-000185,EVS360-034,2000000,2033-02-14T16:50,2033-02-15T08:50,16.0,scheduled,,2033-02-14T16:50,2033-07-28T22:50
WSCH-000141,WHEEL-000059,EVS360-011,3600000,2033-02-18T22:50,2033-02-19T14:50,16.0,scheduled,,2033-02-18T22:50,2033-08-02T12:10
WSCH-000142,WHEEL-000049,EVS360-009,3800000,2033-02-20T16:10,2033-02-21T08:10,16.0,scheduled,,2033-02-20T16:10,2033-08-03T12:50
WSCH-000143,WHEEL-000146,EVS360-027,2600000,,,16.0,unscheduled,no_passenger_window_before_deadline,2033-02-21T08:35,2033-08-03T22:10
WSCH-000144,WHEEL-000038,EVS360-007,4000000,2033-02-21T17:20,2033-02-22T09:20,16.0,scheduled,,2033-02-21T17:20,2033-08-04T13:50
WSCH-000145,WHEEL-000064,EVS360-012,3800000,,,16.0,unscheduled,no_passenger_window_before_deadline,2033-03-09T22:10,2033-08-20T19:20
WSCH-000146,WHEEL-000033,EVS360-006,4200000,2033-03-11T13:50,2033-03-12T05:50,16.0,scheduled,,2033-03-11T13:50,2033-08-22T20:10
WSCH-000147,WHEEL-000180,EVS360-033,2200000,2033-03-22T10:50,2033-03-23T02:50,16.0,scheduled,,2033-03-22T10:50,2033-09-02T16:10
WSCH-000148,WHEEL-000022,EVS360-004,4000000,2033-03-25T21:50,2033-03-26T13:50,16.0,scheduled,,2033-03-25T21:50,2033-09-05T18:10
WSCH-000149,WHEEL-000207,EVS360-038,1800000,2033-03-28T14:10,2033-03-29T06:10,16.0,scheduled,,2033-03-28T14:10,2033-09-08T11:20
WSCH-000150,WHEEL-000119,EVS360-022,3000000,,,16.0,unscheduled,no_passenger_window_before_deadline,2033-03-30T21:20,2033-09-10T17:20
WSCH-000151,WHEEL-000108,EVS360-020,3000000,,,16.0,unscheduled,no_passenger_window_before_deadline,2033-04-01T23:50,2033-09-13T12:10
WSCH-000152,WHEEL-000092,EVS360-017,3200000,,,16.0,unscheduled,no_passenger_window_before_deadline,2033-04-11T12:35,2033-09-22T20:10
WSCH-000153,WHEEL-000202,EVS360-037,1800000,2033-04-11T22:50,2033-04-12T14:50,16.0,scheduled,,2033-04-11T22:50,2033-09-23T12:10
WSCH-000154,WHEEL-000135,EVS360-025,2600000,,,16.0,unscheduled,no_passenger_window_before_deadline,2033-04-15T15:20,2033-09-26T12:10
WSCH-000155,WHEEL-000124,EVS360-023,3000000,,,16.0,unscheduled,no_passenger_window_before_deadline,2033-04-20T13:50,2033-10-01T10:50
WSCH-000156,WHEEL-000054,EVS360-010,4000000,2033-04-26T10:50,2033-04-27T02:50,16.0,scheduled,,2033-04-26T10:50,2033-10-07T16:10
WSCH-000157,WHEEL-000175,EVS360-032,2200000,2033-05-20T20:35,2033-05-21T12:35,16.0,scheduled,,2033-05-20T20:35,2033-11-01T09:50
WSCH-000158,WHEEL-000130,EVS360-024,2800000,,,16.0,unscheduled,no_passenger_window_before_deadline,2033-05-26T09:20,2033-11-06T15:20
WSCH-000159,WHEEL-000017,EVS360-003,4200000,2033-05-29T14:10,2033-05-30T06:10,16.0,scheduled,,2033-05-29T14:10,2033-11-09T20:35
WSCH-000160,WHEEL-000141,EVS360-026,2800000,,,16.0,unscheduled,no_passenger_window_before_deadline,2033-05-31T10:50,2033-11-11T16:10
WSCH-000161,WHEEL-000114,EVS360-021,3200000,,,16.0,unscheduled,no_passenger_window_before_deadline,2033-06-03T13:50,2033-11-14T10:50
WSCH-000162,WHEEL-000044,EVS360-008,4200000,2033-06-05T11:50,2033-06-06T03:50,16.0,scheduled,,2033-06-05T11:50,2033-11-16T08:35
WSCH-000163,WHEEL-000213,EVS360-039,1800000,2033-06-06T09:50,2033-06-07T01:50,16.0,scheduled,,2033-06-06T09:50,2033-11-17T14:50
WSCH-000164,WHEEL-000197,EVS360-036,2000000,2033-06-09T23:20,2033-06-10T15:20,16.0,scheduled,,2033-06-09T23:20,2033-11-20T20:10
WSCH-000165,WHEEL-000070,EVS360-013,3800000,,,16.0,unscheduled,no_passenger_window_before_deadline,2033-06-10T13:20,2033-11-21T20:50
WSCH-000166,WHEEL-000011,EVS360-002,4400000,2033-06-12T22:35,2033-06-13T14:35,16.0,scheduled,,2033-06-12T22:35,2033-11-24T10:50
WSCH-000167,WHEEL-000158,EVS360-029,2400000,,,16.0,unscheduled,no_passenger_window_before_deadline,2033-06-17T00:10,2033-11-28T12:35
WSCH-000168,WHEEL-000191,EVS360-035,2000000,2033-06-19T23:20,2033-06-20T15:20,16.0,scheduled,,2033-06-19T23:20,2033-11-30T20:10
WSCH-000169,WHEEL-000076,EVS360-014,3600000,,,16.0,unscheduled,no_passenger_window_before_deadline,2033-06-24T22:50,2033-12-05T19:50
WSCH-000170,WHEEL-000169,EVS360-031,2400000,,,16.0,unscheduled,no_passenger_window_before_deadline,2033-06-24T22:10,2033-12-06T10:10
WSCH-000171,WHEEL-000005,EVS360-001,4400000,2033-06-25T18:50,2033-06-26T10:50,16.0,scheduled,,2033-06-25T18:50,2033-12-06T14:10
WSCH-000172,WHEEL-000103,EVS360-019,3400000,,,16.0,unscheduled,no_passenger_window_before_deadline,2033-07-07T22:35,2033-12-19T10:50
WSCH-000173,WHEEL-000082,EVS360-015,3600000,,,16.0,unscheduled,no_passenger_window_before_deadline,2033-07-12T11:20,2033-12-23T16:50
WSCH-000174,WHEEL-000152,EVS360-028,2600000,,,16.0,unscheduled,no_passenger_window_before_deadline,2033-07-18T10:10,2033-12-29T15:20
WSCH-000175,WHEEL-000028,EVS360-005,4000000,2033-07-19T20:35,2033-07-20T12:35,16.0,scheduled,,2033-07-19T20:35,2033-12-31T08:50
WSCH-000176,WHEEL-000164,EVS360-030,2400000,,,16.0,unscheduled,no_passenger_window_before_deadline,2033-07-24T12:35,2034-01-04T09:35
WSCH-000177,WHEEL-000088,EVS360-016,3600000,,,16.0,unscheduled,no_passenger_window_before_deadline,2033-07-25T18:10,2034-01-05T23:50
WSCH-000178,WHEEL-000098,EVS360-018,3400000,,,16.0,unscheduled,no_passenger_window_before_deadline,2033-07-26T10:50,2034-01-06T17:20
WSCH-000179,WHEEL-000186,EVS360-034,2200000,2033-07-28T22:50,2033-07-29T14:50,16.0,scheduled,,2033-07-28T22:50,2034-01-08T19:50
WSCH-000180,WHEEL-000060,EVS360-011,3800000,2033-08-02T12:10,2033-08-03T04:10,16.0,scheduled,,2033-08-02T12:10,2034-01-13T08:50
WSCH-000181,WHEEL-000050,EVS360-009,4000000,2033-08-03T12:50,2033-08-04T04:50,16.0,scheduled,,2033-08-03T12:50,2034-01-14T19:20
WSCH-000182,WHEEL-000147,EVS360-027,2800000,,,16.0,unscheduled,no_passenger_window_before_deadline,2033-08-03T22:10,2034-01-15T10:10
WSCH-000183,WHEEL-000039,EVS360-007,4200000,2033-08-04T13:50,2033-08-05T05:50,16.0,scheduled,,2033-08-04T13:50,2034-01-15T20:10
WSCH-000184,WHEEL-000065,EVS360-012,4000000,,,16.0,unscheduled,no_passenger_window_before_deadline,2033-08-20T19:20,2034-02-01T08:35
WSCH-000185,WHEEL-000034,EVS360-006,4400000,2033-08-22T20:10,2033-08-23T12:10,16.0,scheduled,,2033-08-22T20:10,2034-02-03T09:20
WSCH-000186,WHEEL-000181,EVS360-033,2400000,2033-09-02T16:10,2033-09-03T08:10,16.0,scheduled,,2033-09-02T16:10,2034-02-13T12:35
WSCH-000187,WHEEL-000023,EVS360-004,4200000,2033-09-05T18:10,2033-09-06T10:10,16.0,scheduled,,2033-09-05T18:10,2034-02-16T23:50
WSCH-000188,WHEEL-000208,EVS360-038,2000000,2033-09-08T11:20,2033-09-09T03:20,16.0,scheduled,,2033-09-08T11:20,2034-02-19T18:10
WSCH-000189,WHEEL-000120,EVS360-022,3200000,,,16.0,unscheduled,no_passenger_window_before_deadline,2033-09-10T17:20,2034-02-21T23:20
WSCH-000190,WHEEL-000109,EVS360-020,3200000,,,16.0,unscheduled,no_passenger_window_before_deadline,2033-09-13T12:10,2034-02-24T09:20
WSCH-000191,WHEEL-000093,EVS360-017,3400000,,,16.0,unscheduled,no_passenger_window_before_deadline,2033-09-22T20:10,2034-03-05T15:50
WSCH-000192,WHEEL-000203,EVS360-037,2000000,2033-09-23T12:10,2033-09-24T04:10,16.0,scheduled,,2033-09-23T12:10,2034-03-06T08:50
WSCH-000193,WHEEL-000136,EVS360-025,2800000,,,16.0,unscheduled,no_passenger_window_before_deadline,2033-09-26T12:10,2034-03-09T18:10
WSCH-000194,WHEEL-000125,EVS360-023,3200000,,,16.0,unscheduled,no_passenger_window_before_deadline,2033-10-01T10:50,2034-03-14T17:20
WSCH-000195,WHEEL-000055,EVS360-010,4200000,2033-10-07T16:10,2033-10-08T08:10,16.0,scheduled,,2033-10-07T16:10,2034-03-20T12:35
WSCH-000196,WHEEL-000176,EVS360-032,2400000,2033-11-01T09:50,2033-11-02T01:50,16.0,scheduled,,2033-11-01T09:50,2034-04-13T23:20
WSCH-000197,WHEEL-000131,EVS360-024,3000000,,,16.0,unscheduled,no_passenger_window_before_deadline,2033-11-06T15:20,2034-04-19T12:10
WSCH-000198,WHEEL-000018,EVS360-003,4400000,2033-11-09T20:35,2033-11-10T12:35,16.0,scheduled,,2033-11-09T20:35,2034-04-22T16:50
WSCH-000199,WHEEL-000142,EVS360-026,3000000,,,16.0,unscheduled,no_passenger_window_before_deadline,2033-11-11T16:10,2034-04-24T12:35
WSCH-000200,WHEEL-000115,EVS360-021,3400000,,,16.0,unscheduled,no_passenger_window_before_deadline,2033-11-14T10:50,2034-04-27T16:10
WSCH-000201,WHEEL-000045,EVS360-008,4400000,2033-11-16T08:35,2033-11-17T00:35,16.0,scheduled,,2033-11-16T08:35,2034-04-29T13:20
WSCH-000202,WHEEL-000214,EVS360-039,2000000,2033-11-17T14:50,2033-11-18T06:50,16.0,scheduled,,2033-11-17T14:50,2034-04-30T11:50
WSCH-000203,WHEEL-000198,EVS360-036,2200000,2033-11-20T20:10,2033-11-21T12:10,16.0,scheduled,,2033-11-20T20:10,2034-05-04T09:20
WSCH-000204,WHEEL-000071,EVS360-013,4000000,,,16.0,unscheduled,no_passenger_window_before_deadline,2033-11-21T20:50,2034-05-04T16:50
WSCH-000205,WHEEL-000012,EVS360-002,4600000,2033-11-24T10:50,2033-11-25T02:50,16.0,scheduled,,2033-11-24T10:50,2034-05-07T08:10
WSCH-000206,WHEEL-000159,EVS360-029,2600000,,,16.0,unscheduled,no_passenger_window_before_deadline,2033-11-28T12:35,2034-05-11T09:35
WSCH-000207,WHEEL-000192,EVS360-035,2200000,2033-11-30T20:10,2033-12-01T12:10,16.0,scheduled,,2033-11-30T20:10,2034-05-14T09:20
WSCH-000208,WHEEL-000170,EVS360-031,2600000,,,16.0,unscheduled,no_passenger_window_before_deadline,2033-12-06T10:10,2034-05-19T00:10
WSCH-000209,WHEEL-000077,EVS360-014,3800000,,,16.0,unscheduled,no_passenger_window_before_deadline,2033-12-05T19:50,2034-05-19T08:50
WSCH-000210,WHEEL-000006,EVS360-001,4600000,2033-12-06T14:10,2033-12-07T06:10,16.0,scheduled,,2033-12-06T14:10,2034-05-19T21:50
WSCH-000211,WHEEL-000104,EVS360-019,3600000,,,16.0,unscheduled,no_passenger_window_before_deadline,2033-12-19T10:50,2034-06-01T08:10
WSCH-000212,WHEEL-000083,EVS360-015,3800000,,,16.0,unscheduled,no_passenger_window_before_deadline,2033-12-23T16:50,2034-06-05T12:50
WSCH-000213,WHEEL-000153,EVS360-028,2800000,,,16.0,unscheduled,no_passenger_window_before_deadline,2033-12-29T15:20,2034-06-11T12:10
WSCH-000214,WHEEL-000029,EVS360-005,4200000,2033-12-31T08:50,2034-01-01T00:50,16.0,scheduled,,2033-12-31T08:50,2034-06-12T22:10
WSCH-000215,WHEEL-000215,EVS360-040,1000000,,,16.0,unscheduled,hot_reserve,2032-01-05T00:00,
WSCH-000216,WHEEL-000216,EVS360-041,800000,,,16.0,unscheduled,hot_reserve,2032-01-05T00:00,
WSCH-000217,WHEEL-000217,EVS360-042,800000,,,16.0,unscheduled,hot_reserve,2032-01-05T00:00,
WSCH-000218,WHEEL-000218,EVS360-043,800000,,,16.0,unscheduled,hot_reserve,2032-01-05T00:00,
