wheel_job_id,train_id,target_mileage_km,earliest_allowed_at,latest_allowed_at,duration_hours,cars_per_train,wheelsets_per_train,tandem_wheels_per_setup,setups_per_train,status,blocking_reason
WHEEL-000001,EVS360-001,3600000,2032-01-05T00:00,2032-02-19T09:35,16.0,8,32,2,16,pending,
WHEEL-000002,EVS360-001,3800000,2032-02-19T09:35,2032-08-01T15:50,16.0,8,32,2,16,pending,
WHEEL-000003,EVS360-001,4000000,2032-08-01T15:50,2033-01-12T12:35,16.0,8,32,2,16,pending,
WHEEL-000004,EVS360-001,4200000,2033-01-12T12:35,2033-06-25T18:50,16.0,8,32,2,16,pending,
WHEEL-000005,EVS360-001,4400000,2033-06-25T18:50,2033-12-06T14:10,16.0,8,32,2,16,pending,
WHEEL-000006,EVS360-001,4600000,2033-12-06T14:10,2034-05-19T21:50,16.0,8,32,2,16,pending,
WHEEL-000007,EVS360-002,3600000,2032-01-05T00:00,2032-02-06T13:20,16.0,8,32,2,16,pending,
WHEEL-000008,EVS360-002,3800000,2032-02-06T13:20,2032-07-19T19:50,16.0,8,32,2,16,pending,
WHEEL-000009,EVS360-002,4000000,2032-07-19T19:50,2032-12-30T15:20,16.0,8,32,2,16,pending,
WHEEL-000010,EVS360-002,4200000,2032-12-30T15:20,2033-06-12T22:35,16.0,8,32,2,16,pending,
WHEEL-000011,EVS360-002,4400000,2033-06-12T22:35,2033-11-24T10:50,16.0,8,32,2,16,pending,
WHEEL-000012,EVS360-002,4600000,2033-11-24T10:50,2034-05-07T08:10,16.0,8,32,2,16,pending,
WHEEL-000013,EVS360-003,3400000,2032-01-05T00:00,2032-01-23T14:10,16.0,8,32,2,16,pending,
WHEEL-000014,EVS360-003,3600000,2032-01-23T14:10,2032-07-05T11:20,16.0,8,32,2,16,pending,
WHEEL-000015,EVS360-003,3800000,2032-07-05T11:20,2032-12-16T18:10,16.0,8,32,2,16,pending,
WHEEL-000016,EVS360-003,4000000,2032-12-16T18:10,2033-05-29T14:10,16.0,8,32,2,16,pending,
WHEEL-000017,EVS360-003,4200000,2033-05-29T14:10,2033-11-09T20:35,16.0,8,32,2,16,pending,
WHEEL-000018,EVS360-003,4400000,2033-11-09T20:35,2034-04-22T16:50,16.0,8,32,2,16,pending,
WHEEL-000019,EVS360-004,3400000,2032-01-05T00:00,2032-05-01T18:50,16.0,8,32,2,16,pending,
WHEEL-000020,EVS360-004,3600000,2032-05-01T18:50,2032-10-12T14:10,16.0,8,32,2,16,pending,
WHEEL-000021,EVS360-004,3800000,2032-10-12T14:10,2033-03-25T21:50,16.0,8,32,2,16,pending,
WHEEL-000022,EVS360-004,4000000,2033-03-25T21:50,2033-09-05T18:10,16.0,8,32,2,16,pending,
WHEEL-000023,EVS360-004,4200000,2033-09-05T18:10,2034-02-16T23:50,16.0,8,32,2,16,pending,
WHEEL-000024,EVS360-005,3200000,2032-01-05T00:00,2032-03-14T20:35,16.0,8,32,2,16,pending,
WHEEL-000025,EVS360-005,3400000,2032-03-14T20:35,2032-08-25T16:50,16.0,8,32,2,16,pending,
WHEEL-000026,EVS360-005,3600000,2032-08-25T16:50,2033-02-05T23:20,16.0,8,32,2,16,pending,
WHEEL-000027,EVS360-005,3800000,2033-02-05T23:20,2033-07-19T20:35,16.0,8,32,2,16,pending,
WHEEL-000028,EVS360-005,4000000,2033-07-19T20:35,2033-12-31T08:50,16.0,8,32,2,16,pending,
WHEEL-000029,EVS360-005,4200000,2033-12-31T08:50,2034-06-12T22:10,16.0,8,32,2,16,pending,
WHEEL-000030,EVS360-006,3600000,2032-01-05T00:00,2032-04-17T10:50,16.0,8,32,2,16,pending,
WHEEL-000031,EVS360-006,3800000,2032-04-17T10:50,2032-09-28T17:20,16.0,8,32,2,16,pending,
WHEEL-000032,EVS360-006,4000000,2032-09-28T17:20,2033-03-11T13:50,16.0,8,32,2,16,pending,
WHEEL-000033,EVS360-006,4200000,2033-03-11T13:50,2033-08-22T20:10,16.0,8,32,2,16,pending,
WHEEL-000034,EVS360-006,4400000,2033-08-22T20:10,2034-02-03T09:20,16.0,8,32,2,16,pending,
WHEEL-000035,EVS360-007,3400000,2032-01-05T00:00,2032-03-30T13:50,16.0,8,32,2,16,pending,
WHEEL-000036,EVS360-007,3600000,2032-03-30T13:50,2032-09-10T10:50,16.0,8,32,2,16,pending,
WHEEL-000037,EVS360-007,3800000,2032-09-10T10:50,2033-02-21T17:20,16.0,8,32,2,16,pending,
WHEEL-000038,EVS360-007,4000000,2033-02-21T17:20,2033-08-04T13:50,16.0,8,32,2,16,pending,
WHEEL-000039,EVS360-007,4200000,2033-08-04T13:50,2034-01-15T20:10,16.0,8,32,2,16,pending,
WHEEL-000040,EVS360-008,3400000,2032-01-05T00:00,2032-01-29T20:35,16.0,8,32,2,16,pending,
WHEEL-000041,EVS360-008,3600000,2032-01-29T20:35,2032-07-12T08:50,16.0,8,32,2,16,pending,
WHEEL-000042,EVS360-008,3800000,2032-07-12T08:50,2032-12-22T22:10,16.0,8,32,2,16,pending,
WHEEL-000043,EVS360-008,4000000,2032-12-22T22:10,2033-06-05T11:50,16.0,8,32,2,16,pending,
WHEEL-000044,EVS360-008,4200000,2033-06-05T11:50,2033-11-16T08:35,16.0,8,32,2,16,pending,
WHEEL-000045,EVS360-008,4400000,2033-11-16T08:35,2034-04-29T13:20,16.0,8,32,2,16,pending,
WHEEL-000046,EVS360-009,3200000,2032-01-05T00:00,2032-03-29T12:50,16.0,8,32,2,16,pending,
WHEEL-000047,EVS360-009,3400000,2032-03-29T12:50,2032-09-09T09:50,16.0,8,32,2,16,pending,
WHEEL-000048,EVS360-009,3600000,2032-09-09T09:50,2033-02-20T16:10,16.0,8,32,2,16,pending,
WHEEL-000049,EVS360-009,3800000,2033-02-20T16:10,2033-08-03T12:50,16.0,8,32,2,16,pending,
WHEEL-000050,EVS360-009,4000000,2033-08-03T12:50,2034-01-14T19:20,16.0,8,32,2,16,pending,
WHEEL-000051,EVS360-010,3400000,2032-01-05T00:00,2032-06-02T08:10,16.0,8,32,2,16,pending,
WHEEL-000052,EVS360-010,3600000,2032-06-02T08:10,2032-11-13T13:50,16.0,8,32,2,16,pending,
WHEEL-000053,EVS360-010,3800000,2032-11-13T13:50,2033-04-26T10:50,16.0,8,32,2,16,pending,
WHEEL-000054,EVS360-010,4000000,2033-04-26T10:50,2033-10-07T16:10,16.0,8,32,2,16,pending,
WHEEL-000055,EVS360-010,4200000,2033-10-07T16:10,2034-03-20T12:35,16.0,8,32,2,16,pending,
WHEEL-000056,EVS360-011,3000000,2032-01-05T00:00,2032-03-27T20:50,16.0,8,32,2,16,pending,
WHEEL-000057,EVS360-011,3200000,2032-03-27T20:50,2032-09-07T16:50,16.0,8,32,2,16,pending,
WHEEL-000058,EVS360-011,3400000,2032-09-07T16:50,2033-02-18T22:50,16.0,8,32,2,16,pending,
WHEEL-000059,EVS360-011,3600000,2033-02-18T22:50,2033-08-02T12:10,16.0,8,32,2,16,pending,
WHEEL-000060,EVS360-011,3800000,2033-08-02T12:10,2034-01-13T08:50,16.0,8,32,2,16,pending,
WHEEL-000061,EVS360-012,3200000,2032-01-05T00:00,2032-04-15T09:50,16.0,8,32,2,16,pending,
WHEEL-000062,EVS360-012,3400000,2032-04-15T09:50,2032-09-26T16:10,16.0,8,32,2,16,pending,
WHEEL-000063,EVS360-012,3600000,2032-09-26T16:10,2033-03-09T22:10,16.0,8,32,2,16,pending,
WHEEL-000064,EVS360-012,3800000,2033-03-09T22:10,2033-08-20T19:20,16.0,8,32,2,16,pending,
WHEEL-000065,EVS360-012,4000000,2033-08-20T19:20,2034-02-01T08:35,16.0,8,32,2,16,pending,
WHEEL-000066,EVS360-013,3000000,2032-01-05T00:00,2032-02-03T22:10,16.0,8,32,2,16,pending,
WHEEL-000067,EVS360-013,3200000,2032-02-03T22:10,2032-07-17T11:50,16.0,8,32,2,16,pending,
WHEEL-000068,EVS360-013,3400000,2032-07-17T11:50,2032-12-28T08:35,16.0,8,32,2,16,pending,
WHEEL-000069,EVS360-013,3600000,2032-12-28T08:35,2033-06-10T13:20,16.0,8,32,2,16,pending,
WHEEL-000070,EVS360-013,3800000,2033-06-10T13:20,2033-11-21T20:50,16.0,8,32,2,16,pending,
WHEEL-000071,EVS360-013,4000000,2033-11-21T20:50,2034-05-04T16:50,16.0,8,32,2,16,pending,
WHEEL-000072,EVS360-014,2800000,2032-01-05T00:00,2032-02-18T13:20,16.0,8,32,2,16,pending,
WHEEL-000073,EVS360-014,3000000,2032-02-18T13:20,2032-07-31T10:10,16.0,8,32,2,16,pending,
WHEEL-000074,EVS360-014,3200000,2032-07-31T10:10,2033-01-11T16:50,16.0,8,32,2,16,pending,
WHEEL-000075,EVS360-014,3400000,2033-01-11T16:50,2033-06-24T22:50,16.0,8,32,2,16,pending,
WHEEL-000076,EVS360-014,3600000,2033-06-24T22:50,2033-12-05T19:50,16.0,8,32,2,16,pending,
WHEEL-000077,EVS360-014,3800000,2033-12-05T19:50,2034-05-19T08:50,16.0,8,32,2,16,pending,
WHEEL-000078,EVS360-015,2800000,2032-01-05T00:00,2032-03-07T11:20,16.0,8,32,2,16,pending,
WHEEL-000079,EVS360-015,3000000,2032-03-07T11:20,2032-08-18T08:35,16.0,8,32,2,16,pending,
WHEEL-000080,EVS360-015,3200000,2032-08-18T08:35,2033-01-29T14:10,16.0,8,32,2,16,pending,
WHEEL-000081,EVS360-015,3400000,2033-01-29T14:10,2033-07-12T11:20,16.0,8,32,2,16,pending,
WHEEL-000082,EVS360-015,3600000,2033-07-12T11:20,2033-12-23T16:50,16.0,8,32,2,16,pending,
WHEEL-000083,EVS360-015,3800000,2033-12-23T16:50,2034-06-05T12:50,16.0,8,32,2,16,pending,
WHEEL-000084,EVS360-016,2800000,2032-01-05T00:00,2032-03-20T18:50,16.0,8,32,2,16,pending,
WHEEL-000085,EVS360-016,3000000,2032-03-20T18:50,2032-08-31T14:10,16.0,8,32,2,16,pending,
WHEEL-000086,EVS360-016,3200000,2032-08-31T14:10,2033-02-11T21:50,16.0,8,32,2,16,pending,
WHEEL-000087,EVS360-016,3400000,2033-02-11T21:50,2033-07-25T18:10,16.0,8,32,2,16,pending,
WHEEL-000088,EVS360-016,3600000,2033-07-25T18:10,2034-01-05T23:50,16.0,8,32,2,16,pending,
WHEEL-000089,EVS360-017,2600000,2032-01-05T00:00,2032-05-18T10:50,16.0,8,32,2,16,pending,
WHEEL-000090,EVS360-017,2800000,2032-05-18T10:50,2032-10-29T00:10,16.0,8,32,2,16,pending,
WHEEL-000091,EVS360-017,3000000,2032-10-29T00:10,2033-04-11T12:35,16.0,8,32,2,16,pending,
WHEEL-000092,EVS360-017,3200000,2033-04-11T12:35,2033-09-22T20:10,16.0,8,32,2,16,pending,
WHEEL-000093,EVS360-017,3400000,2033-09-22T20:10,2034-03-05T15:50,16.0,8,32,2,16,pending,
WHEEL-000094,EVS360-018,2600000,2032-01-05T00:00,2032-03-21T12:10,16.0,8,32,2,16,pending,
WHEEL-000095,EVS360-018,2800000,2032-03-21T12:10,2032-09-01T08:50,16.0,8,32,2,16,pending,
WHEEL-000096,EVS360-018,3000000,2032-09-01T08:50,2033-02-12T13:50,16.0,8,32,2,16,pending,
WHEEL-000097,EVS360-018,3200000,2033-02-12T13:50,2033-07-26T10:50,16.0,8,32,2,16,pending,
WHEEL-000098,EVS360-018,3400000,2033-07-26T10:50,2034-01-06T17:20,16.0,8,32,2,16,pending,
WHEEL-000099,EVS360-019,2600000,2032-01-05T00:00,2032-03-02T13:20,16.0,8,32,2,16,pending,
WHEEL-000100,EVS360-019,2800000,2032-03-02T13:20,2032-08-13T19:50,16.0,8,32,2,16,pending,
WHEEL-000101,EVS360-019,3000000,2032-08-13T19:50,2033-01-25T08:50,16.0,8,32,2,16,pending,
WHEEL-000102,EVS360-019,3200000,2033-01-25T08:50,2033-07-07T22:35,16.0,8,32,2,16,pending,
WHEEL-000103,EVS360-019,3400000,2033-07-07T22:35,2033-12-19T10:50,16.0,8,32,2,16,pending,
WHEEL-000104,EVS360-019,3600000,2033-12-19T10:50,2034-06-01T08:10,16.0,8,32,2,16,pending,
WHEEL-000105,EVS360-020,2400000,2032-01-05T00:00,2032-05-08T20:50,16.0,8,32,2,16,pending,
WHEEL-000106,EVS360-020,2600000,2032-05-08T20:50,2032-10-19T17:20,16.0,8,32,2,16,pending,
WHEEL-000107,EVS360-020,2800000,2032-10-19T17:20,2033-04-01T23:50,16.0,8,32,2,16,pending,
WHEEL-000108,EVS360-020,3000000,2033-04-01T23:50,2033-09-13T12:10,16.0,8,32,2,16,pending,
WHEEL-000109,EVS360-020,3200000,2033-09-13T12:10,2034-02-24T09:20,16.0,8,32,2,16,pending,
WHEEL-000110,EVS360-021,2400000,2032-01-05T00:00,2032-01-27T22:35,16.0,8,32,2,16,pending,
WHEEL-000111,EVS360-021,2600000,2032-01-27T22:35,2032-07-10T10:50,16.0,8,32,2,16,pending,
WHEEL-000112,EVS360-021,2800000,2032-07-10T10:50,2032-12-21T08:10,16.0,8,32,2,16,pending,
WHEEL-000113,EVS360-021,3000000,2032-12-21T08:10,2033-06-03T13:50,16.0,8,32,2,16,pending,
WHEEL-000114,EVS360-021,3200000,2033-06-03T13:50,2033-11-14T10:50,16.0,8,32,2,16,pending,
WHEEL-000115,EVS360-021,3400000,2033-11-14T10:50,2034-04-27T16:10,16.0,8,32,2,16,pending,
WHEEL-000116,EVS360-022,2400000,2032-01-05T00:00,2032-05-06T18:10,16.0,8,32,2,16,pending,
WHEEL-000117,EVS360-022,2600000,2032-05-06T18:10,2032-10-17T13:50,16.0,8,32,2,16,pending,
WHEEL-000118,EVS360-022,2800000,2032-10-17T13:50,2033-03-30T21:20,16.0,8,32,2,16,pending,
WHEEL-000119,EVS360-022,3000000,2033-03-30T21:20,2033-09-10T17:20,16.0,8,32,2,16,pending,
WHEEL-000120,EVS360-022,3200000,2033-09-10T17:20,2034-02-21T23:20,16.0,8,32,2,16,pending,
WHEEL-000121,EVS360-023,2400000,2032-01-05T00:00,2032-05-27T12:10,16.0,8,32,2,16,pending,
WHEEL-000122,EVS360-023,2600000,2032-05-27T12:10,2032-11-07T08:50,16.0,8,32,2,16,pending,
WHEEL-000123,EVS360-023,2800000,2032-11-07T08:50,2033-04-20T13:50,16.0,8,32,2,16,pending,
WHEEL-000124,EVS360-023,3000000,2033-04-20T13:50,2033-10-01T10:50,16.0,8,32,2,16,pending,
WHEEL-000125,EVS360-023,3200000,2033-10-01T10:50,2034-03-14T17:20,16.0,8,32,2,16,pending,
WHEEL-000126,EVS360-024,2000000,2032-01-05T00:00,2032-01-19T17:20,16.0,8,32,2,16,pending,
WHEEL-000127,EVS360-024,2200000,2032-01-19T17:20,2032-07-01T23:50,16.0,8,32,2,16,pending,
WHEEL-000128,EVS360-024,2400000,2032-07-01T23:50,2032-12-12T20:50,16.0,8,32,2,16,pending,
WHEEL-000129,EVS360-024,2600000,2032-12-12T20:50,2033-05-26T09:20,16.0,8,32,2,16,pending,
WHEEL-000130,EVS360-024,2800000,2033-05-26T09:20,2033-11-06T15:20,16.0,8,32,2,16,pending,
WHEEL-000131,EVS360-024,3000000,2033-11-06T15:20,2034-04-19T12:10,16.0,8,32,2,16,pending,
WHEEL-000132,EVS360-025,2000000,2032-01-05T00:00,2032-05-22T12:10,16.0,8,32,2,16,pending,
WHEEL-000133,EVS360-025,2200000,2032-05-22T12:10,2032-11-02T09:20,16.0,8,32,2,16,pending,
WHEEL-000134,EVS360-025,2400000,2032-11-02T09:20,2033-04-15T15:20,16.0,8,32,2,16,pending,
WHEEL-000135,EVS360-025,2600000,2033-04-15T15:20,2033-09-26T12:10,16.0,8,32,2,16,pending,
WHEEL-000136,EVS360-025,2800000,2033-09-26T12:10,2034-03-09T18:10,16.0,8,32,2,16,pending,
WHEEL-000137,EVS360-026,2000000,2032-01-05T00:00,2032-01-24T19:50,16.0,8,32,2,16,pending,
WHEEL-000138,EVS360-026,2200000,2032-01-24T19:50,2032-07-07T08:10,16.0,8,32,2,16,pending,
WHEEL-000139,EVS360-026,2400000,2032-07-07T08:10,2032-12-18T13:50,16.0,8,32,2,16,pending,
WHEEL-000140,EVS360-026,2600000,2032-12-18T13:50,2033-05-31T10:50,16.0,8,32,2,16,pending,
WHEEL-000141,EVS360-026,2800000,2033-05-31T10:50,2033-11-11T16:10,16.0,8,32,2,16,pending,
WHEEL-000142,EVS360-026,3000000,2033-11-11T16:10,2034-04-24T12:35,16.0,8,32,2,16,pending,
WHEEL-000143,EVS360-027,2000000,2032-01-05T00:00,2032-03-29T12:50,16.0,8,32,2,16,pending,
WHEEL-000144,EVS360-027,2200000,2032-03-29T12:50,2032-09-09T19:20,16.0,8,32,2,16,pending,
WHEEL-000145,EVS360-027,2400000,2032-09-09T19:20,2033-02-21T08:35,16.0,8,32,2,16,pending,
WHEEL-000146,EVS360-027,2600000,2033-02-21T08:35,2033-08-03T22:10,16.0,8,32,2,16,pending,
WHEEL-000147,EVS360-027,2800000,2033-08-03T22:10,2034-01-15T10:10,16.0,8,32,2,16,pending,
WHEEL-000148,EVS360-028,1800000,2032-01-05T00:00,2032-03-13T10:10,16.0,8,32,2,16,pending,
WHEEL-000149,EVS360-028,2000000,2032-03-13T10:10,2032-08-24T00:10,16.0,8,32,2,16,pending,
WHEEL-000150,EVS360-028,2200000,2032-08-24T00:10,2033-02-04T13:20,16.0,8,32,2,16,pending,
WHEEL-000151,EVS360-028,2400000,2033-02-04T13:20,2033-07-18T10:10,16.0,8,32,2,16,pending,
WHEEL-000152,EVS360-028,2600000,2033-07-18T10:10,2033-12-29T15:20,16.0,8,32,2,16,pending,
WHEEL-000153,EVS360-028,2800000,2033-12-29T15:20,2034-06-11T12:10,16.0,8,32,2,16,pending,
WHEEL-000154,EVS360-029,1600000,2032-01-05T00:00,2032-02-11T08:10,16.0,8,32,2,16,pending,
WHEEL-000155,EVS360-029,1800000,2032-02-11T08:10,2032-07-23T21:20,16.0,8,32,2,16,pending,
WHEEL-000156,EVS360-029,2000000,2032-07-23T21:20,2033-01-04T10:50,16.0,8,32,2,16,pending,
WHEEL-000157,EVS360-029,2200000,2033-01-04T10:50,2033-06-17T00:10,16.0,8,32,2,16,pending,
WHEEL-000158,EVS360-029,2400000,2033-06-17T00:10,2033-11-28T12:35,16.0,8,32,2,16,pending,
WHEEL-000159,EVS360-029,2600000,2033-11-28T12:35,2034-05-11T09:35,16.0,8,32,2,16,pending,
WHEEL-000160,EVS360-030,1600000,2032-01-05T00:00,2032-03-18T21:20,16.0,8,32,2,16,pending,
WHEEL-000161,EVS360-030,1800000,2032-03-18T21:20,2032-08-30T10:50,16.0,8,32,2,16,pending,
WHEEL-000162,EVS360-030,2000000,2032-08-30T10:50,2033-02-10T00:10,16.0,8,32,2,16,pending,
WHEEL-000163,EVS360-030,2200000,2033-02-10T00:10,2033-07-24T12:35,16.0,8,32,2,16,pending,
WHEEL-000164,EVS360-030,2400000,2033-07-24T12:35,2034-01-04T09:35,16.0,8,32,2,16,pending,
WHEEL-000165,EVS360-031,1600000,2032-01-05T00:00,2032-02-18T22:10,16.0,8,32,2,16,pending,
WHEEL-000166,EVS360-031,1800000,2032-02-18T22:10,2032-07-31T19:20,16.0,8,32,2,16,pending,
WHEEL-000167,EVS360-031,2000000,2032-07-31T19:20,2033-01-12T08:35,16.0,8,32,2,16,pending,
WHEEL-000168,EVS360-031,2200000,2033-01-12T08:35,2033-06-24T22:10,16.0,8,32,2,16,pending,
WHEEL-000169,EVS360-031,2400000,2033-06-24T22:10,2033-12-06T10:10,16.0,8,32,2,16,pending,
WHEEL-000170,EVS360-031,2600000,2033-12-06T10:10,2034-05-19T00:10,16.0,8,32,2,16,pending,
WHEEL-000171,EVS360-032,1400000,2032-01-05T00:00,2032-01-14T11:20,16.0,8,32,2,16,pending,
WHEEL-000172,EVS360-032,1600000,2032-01-14T11:20,2032-06-26T18:10,16.0,8,32,2,16,pending,
WHEEL-000173,EVS360-032,1800000,2032-06-26T18:10,2032-12-07T14:10,16.0,8,32,2,16,pending,
WHEEL-000174,EVS360-032,2000000,2032-12-07T14:10,2033-05-20T20:35,16.0,8,32,2,16,pending,
WHEEL-000175,EVS360-032,2200000,2033-05-20T20:35,2033-11-01T09:50,16.0,8,32,2,16,pending,
WHEEL-000176,EVS360-032,2400000,2033-11-01T09:50,2034-04-13T23:20,16.0,8,32,2,16,pending,
WHEEL-000177,EVS360-033,1600000,2032-01-05T00:00,2032-04-28T08:10,16.0,8,32,2,16,pending,
WHEEL-000178,EVS360-033,1800000,2032-04-28T08:10,2032-10-09T13:50,16.0,8,32,2,16,pending,
WHEEL-000179,EVS360-033,2000000,2032-10-09T13:50,2033-03-22T10:50,16.0,8,32,2,16,pending,
WHEEL-000180,EVS360-033,2200000,2033-03-22T10:50,2033-09-02T16:10,16.0,8,32,2,16,pending,
WHEEL-000181,EVS360-033,2400000,2033-09-02T16:10,2034-02-13T12:35,16.0,8,32,2,16,pending,
WHEEL-000182,EVS360-034,1400000,2032-01-05T00:00,2032-03-23T13:20,16.0,8,32,2,16,pending,
WHEEL-000183,EVS360-034,1600000,2032-03-23T13:20,2032-09-03T20:50,16.0,8,32,2,16,pending,
WHEEL-000184,EVS360-034,1800000,2032-09-03T20:50,2033-02-14T16:50,16.0,8,32,2,16,pending,
WHEEL-000185,EVS360-034,2000000,2033-02-14T16:50,2033-07-28T22:50,16.0,8,32,2,16,pending,
WHEEL-000186,EVS360-034,2200000,2033-07-28T22:50,2034-01-08T19:50,16.0,8,32,2,16,pending,
WHEEL-000187,EVS360-035,1200000,2032-01-05T00:00,2032-02-13T13:50,16.0,8,32,2,16,pending,
WHEEL-000188,EVS360-035,1400000,2032-02-13T13:50,2032-07-26T21:20,16.0,8,32,2,16,pending,
WHEEL-000189,EVS360-035,1600000,2032-07-26T21:20,2033-01-06T17:20,16.0,8,32,2,16,pending,
WHEEL-000190,EVS360-035,1800000,2033-01-06T17:20,2033-06-19T23:20,16.0,8,32,2,16,pending,
WHEEL-000191,EVS360-035,2000000,2033-06-19T23:20,2033-11-30T20:10,16.0,8,32,2,16,pending,
WHEEL-000192,EVS360-035,2200000,2033-11-30T20:10,2034-05-14T09:20,16.0,8,32,2,16,pending,
WHEEL-000193,EVS360-036,1200000,2032-01-05T00:00,2032-02-03T13:50,16.0,8,32,2,16,pending,
WHEEL-000194,EVS360-036,1400000,2032-02-03T13:50,2032-07-16T21:20,16.0,8,32,2,16,pending,
WHEEL-000195,EVS360-036,1600000,2032-07-16T21:20,2032-12-27T17:20,16.0,8,32,2,16,pending,
WHEEL-000196,EVS360-036,1800000,2032-12-27T17:20,2033-06-09T23:20,16.0,8,32,2,16,pending,
WHEEL-000197,EVS360-036,2000000,2033-06-09T23:20,2033-11-20T20:10,16.0,8,32,2,16,pending,
WHEEL-000198,EVS360-036,2200000,2033-11-20T20:10,2034-05-04T09:20,16.0,8,32,2,16,pending,
WHEEL-000199,EVS360-037,1200000,2032-01-05T00:00,2032-05-18T20:50,16.0,8,32,2,16,pending,
WHEEL-000200,EVS360-037,1400000,2032-05-18T20:50,2032-10-30T09:20,16.0,8,32,2,16,pending,
WHEEL-000201,EVS360-037,1600000,2032-10-30T09:20,2033-04-11T22:50,16.0,8,32,2,16,pending,
WHEEL-000202,EVS360-037,1800000,2033-04-11T22:50,2033-09-23T12:10,16.0,8,32,2,16,pending,
WHEEL-000203,EVS360-037,2000000,2033-09-23T12:10,2034-03-06T08:50,16.0,8,32,2,16,pending,
WHEEL-000204,EVS360-038,1200000,2032-01-05T00:00,2032-05-04T12:35,16.0,8,32,2,16,pending,
WHEEL-000205,EVS360-038,1400000,2032-05-04T12:35,2032-10-15T09:20,16.0,8,32,2,16,pending,
WHEEL-000206,EVS360-038,1600000,2032-10-15T09:20,2033-03-28T14:10,16.0,8,32,2,16,pending,
WHEEL-000207,EVS360-038,1800000,2033-03-28T14:10,2033-09-08T11:20,16.0,8,32,2,16,pending,
WHEEL-000208,EVS360-038,2000000,2033-09-08T11:20,2034-02-19T18:10,16.0,8,32,2,16,pending,
WHEEL-000209,EVS360-039,1000000,2032-01-05T00:00,2032-01-30T18:10,16.0,8,32,2,16,pending,
WHEEL-000210,EVS360-039,1200000,2032-01-30T18:10,2032-07-12T23:50,16.0,8,32,2,16,pending,
WHEEL-000211,EVS360-039,1400000,2032-07-12T23:50,2032-12-24T12:50,16.0,8,32,2,16,pending,
WHEEL-000212,EVS360-039,1600000,2032-12-24T12:50,2033-06-06T09:50,16.0,8,32,2,16,pending,
WHEEL-000213,EVS360-039,1800000,2033-06-06T09:50,2033-11-17T14:50,16.0,8,32,2,16,pending,
WHEEL-000214,EVS360-039,2000000,2033-11-17T14:50,2034-04-30T11:50,16.0,8,32,2,16,pending,
WHEEL-000215,EVS360-040,1000000,2032-01-05T00:00,,16.0,8,32,2,16,blocked_by_hot_reserve,hot_reserve
WHEEL-000216,EVS360-041,800000,2032-01-05T00:00,,16.0,8,32,2,16,blocked_by_hot_reserve,hot_reserve
WHEEL-000217,EVS360-042,800000,2032-01-05T00:00,,16.0,8,32,2,16,blocked_by_hot_reserve,hot_reserve
WHEEL-000218,EVS360-043,800000,2032-01-05T00:00,,16.0,8,32,2,16,blocked_by_hot_reserve,hot_reserve
